d%,Trade Item,,d%,Good,Price,Weight,Price,Weight,,d10,Artisan Tools,Price,Weight,Price,Weight,,d10,Cask of tobacco,Price,Weight,Price,Weight,,d%,Stone,Price,Weight,Price,Weight,,d%,Bulk Art,Price,Weight,Price,Weight,,d%,Animal Product,,d%,"Animal Product, Common",Price,Weight,Price,Weight,,d%,"Animal Product, Unusual",Price,Weight,Price,Weight,,d%,"Animal Product, Rare",Price,Weight,Price,Weight,,d%,Metal Product,Price,Weight,Price,Weight,,d%,Cloth,Price,Weight,Price,Weight,,d%,Coloring,Price,Weight,Price,Weight,,d%,Beauty Aid,,d%,"Beauty Aid, Common",Price,Weight,Price,Weight,,d%,"Beauty Aid, Rare",Price,Weight,Price,Weight,,d%,Laboratory Supplies,Price,Weight,Price,Weight,,d%,Houseware,Price,Weight,Price,Weight,,d%,Lumber,,,d%,Lumber,Price,Weight,Price,Weight,,d%,"Lumber, Rare",Price,Weight,Price,Weight,,,,,,,,,
1,Good,,1,Artisan Tools,See Chart,See Chart,See Chart,See Chart,,1,"Artisan Tools, common",1 gp,1 lb.,1,1,,1,"Cask of tobacco, cheap",5 sp,1 lb.,0.5,1,,1,Alabaster,40 gp,10 lbs.,40,10,,1,"Arcis glass, common",25 gp,1 lb.,25,1,,1,"Animal Product, Common",,1,Beaver pelt,2 gp,1 lb.,2,1,,1,Auroch hide,3 gp,1 lb.,30,1,,1,Ambergris,50 gp,1 lb.,50,1,,1,Adamantine ingots,300 gp,1 lb.,300,1,,1,Bolt of burlap (sq. yd.),3 sp,2 lb.,0.3,2,,1,"Dyes, common",1 gp,1 lb.,1,1,,1,"Beauty Aid, Common",,1,"Cosmetics, common",1 cp,1 oz.,0.01,0.0625,,1,"Jewelry, gold, exotic","1,000 gp",1 lb.,1000,1,,1,"Alchemical materials, common",1 sp,1 oz.,0.1,0.0625,,1,"Ceramics, common",1 cp,5 lb.,0.01,5,,1,"Lumber, Common ",,,1,"Apple, raw",24 sp,100 lbs.,2.4,100,,1,"Balsa, raw",84 sp,25 lbs.,8.4,25,,,,,,,,,
2,Good,,2,Artisan Tools,See Chart,See Chart,See Chart,See Chart,,2,"Artisan Tools, common",1 gp,1 lb.,1,1,,2,"Cask of tobacco, cheap",5 sp,1 lb.,0.5,1,,2,Alabaster,40 gp,10 lbs.,40,10,,2,"Arcis glass, common",25 gp,1 lb.,25,1,,2,"Animal Product, Common",,2,Beaver pelt,2 gp,1 lb.,2,1,,2,Auroch hide,3 gp,1 lb.,30,1,,2,Ambergris,50 gp,1 lb.,50,1,,2,Adamantine ingots,300 gp,1 lb.,300,,,2,Bolt of burlap (sq. yd.),3 sp,2 lb.,0.3,2,,2,"Dyes, common",1 gp,1 lb.,1,1,,2,"Beauty Aid, Common",,2,"Cosmetics, common",1 cp,1 oz.,0.01,0.0625,,2,"Jewelry, gold, exotic","1,000 gp",1 lb.,1000,1,,2,"Alchemical materials, common",1 sp,1 oz.,0.1,0.0625,,2,"Ceramics, common",1 cp,5 lb.,0.01,5,,2,"Lumber, Common ",,,2,"Apple, raw",24 sp,100 lbs.,2.4,100,,2,"Balsa, raw",84 sp,25 lbs.,8.4,25,,,,,,,,,
3,Good,,3,Artisan Tools,See Chart,See Chart,See Chart,See Chart,,3,"Artisan Tools, common",1 gp,1 lb.,1,1,,3,"Cask of tobacco, cheap",5 sp,1 lb.,0.5,1,,3,Basalt,8 gp,10 lbs.,8,10,,3,"Arcis glass, common",25 gp,1 lb.,25,1,,3,"Animal Product, Common",,3,"Bovine leather, crude",1 gp,1 lb.,1,1,,3,Auroch hide,3 gp,1 lb.,30,1,,3,Ambergris,50 gp,1 lb.,50,1,,3,Adamantine ore,200 gp,1 lb.,200,1,,3,Bolt of burlap (sq. yd.),3 sp,2 lb.,0.3,2,,3,"Dyes, common",1 gp,1 lb.,1,1,,3,"Beauty Aid, Common",,3,"Cosmetics, common",1 cp,1 oz.,0.01,0.0625,,3,"Jewelry, gold, exotic","1,000 gp",1 lb.,1000,1,,3,"Alchemical materials, common",1 sp,1 oz.,0.1,0.0625,,3,"Ceramics, common",1 cp,5 lb.,0.01,5,,3,"Lumber, Common ",,,3,"Apple, raw",24 sp,100 lbs.,2.4,100,,3,"Balsa, sawn",42 gp,25 lbs.,42,25,,,,,,,,,
4,Good,,4,Artisan Tools,See Chart,See Chart,See Chart,See Chart,,4,"Artisan Tools, common",1 gp,1 lb.,1,1,,4,"Cask of tobacco, common",8 sp,1 lb.,0.8,1,,4,Basalt,8 gp,10 lbs.,8,10,,4,"Arcis glass, common",25 gp,1 lb.,25,1,,4,"Animal Product, Common",,4,"Bovine leather, crude",1 gp,1 lb.,1,1,,4,Auroch hide,3 gp,1 lb.,30,1,,4,Ambergris,50 gp,1 lb.,50,1,,4,Adamantine ore,200 gp,1 lb.,200,1,,4,Bolt of burlap (sq. yd.),3 sp,2 lb.,0.3,2,,4,"Dyes, common",1 gp,1 lb.,1,1,,4,"Beauty Aid, Common",,4,"Cosmetics, common",1 cp,1 oz.,0.01,0.0625,,4,"Jewelry, gold, rare",500 gp,1 lb.,500,1,,4,"Alchemical materials, common",1 sp,1 oz.,0.1,0.0625,,4,"Ceramics, common",1 cp,5 lb.,0.01,5,,4,"Lumber, Common ",,,4,"Apple, sawn",12 gp,100 lbs.,12,100,,4,"Balsa, sawn",42 gp,25 lbs.,42,25,,,,,,,,,
5,Good,,5,Artisan Tools,See Chart,See Chart,See Chart,See Chart,,5,"Artisan Tools, common",1 gp,1 lb.,1,1,,5,"Cask of tobacco, common",8 sp,1 lb.,0.8,1,,5,Basalt,8 gp,10 lbs.,8,10,,5,"Arcis glass, common",25 gp,1 lb.,25,1,,5,"Animal Product, Common",,5,"Bovine leather, crude",1 gp,1 lb.,1,1,,5,Auroch hide,3 gp,1 lb.,30,1,,5,Ambergris,50 gp,1 lb.,50,1,,5,Adamantine ore,200 gp,1 lb.,200,1,,5,Bolt of burlap (sq. yd.),3 sp,2 lb.,0.3,2,,5,"Dyes, common",1 gp,1 lb.,1,1,,5,"Beauty Aid, Common",,5,"Cosmetics, common",1 cp,1 oz.,0.01,0.0625,,5,"Jewelry, gold, rare",500 gp,1 lb.,500,1,,5,"Alchemical materials, common",1 sp,1 oz.,0.1,0.0625,,5,"Ceramics, common",1 cp,5 lb.,0.01,5,,5,"Lumber, Common ",,,5,"Apple, sawn",12 gp,100 lbs.,12,100,,5,Bamboo,50 gp,50 lbs.,50,50,,,,,,,,,
6,Good,,6,Artisan Tools,See Chart,See Chart,See Chart,See Chart,,6,"Artisan Tools, common",1 gp,1 lb.,1,1,,6,"Cask of tobacco, common",8 sp,1 lb.,0.8,1,,6,Basalt,8 gp,10 lbs.,8,10,,6,"Arcis glass, rare",100 gp,1 lb.,100,1,,6,"Animal Product, Common",,6,"Bovine leather, fine",2 gp,1 lb.,2,1,,6,Auroch hide,3 gp,1 lb.,30,1,,6,Ambergris,50 gp,1 lb.,50,1,,6,Adamantine ore,200 gp,1 lb.,200,1,,6,Bolt of burlap (sq. yd.),3 sp,2 lb.,0.3,2,,6,"Dyes, common",1 gp,1 lb.,1,1,,6,"Beauty Aid, Common",,6,"Cosmetics, common",1 cp,1 oz.,0.01,0.0625,,6,"Jewelry, gold, rare",500 gp,1 lb.,500,1,,6,"Alchemical materials, common",1 sp,1 oz.,0.1,0.0625,,6,"Ceramics, common",1 cp,5 lb.,0.01,5,,6,"Lumber, Common ",,,6,"Apple, sawn",12 gp,100 lbs.,12,100,,6,Bamboo,50 gp,50 lbs.,50,50,,,,,,,,,
7,Good,,7,Artisan Tools,See Chart,See Chart,See Chart,See Chart,,7,"Artisan Tools, masterwork",55 sp,1 lb.,5.5,1,,7,"Cask of tobacco, common",8 sp,1 lb.,0.8,1,,7,Basalt,8 gp,10 lbs.,8,10,,7,"Arcis glass, unusual",50 gp,1 lb.,50,1,,7,"Animal Product, Common",,7,Caribou hide,1 gp,1 lb.,1,1,,7,Bear hide,15 sp,1 lb.,0.15,1,,7,Ambergris,50 gp,1 lb.,50,1,,7,Brass ingots,6 sp,1 lb.,0.6,1,,7,Bolt of burlap (sq. yd.),3 sp,2 lb.,0.3,2,,7,"Dyes, common",1 gp,1 lb.,1,1,,7,"Beauty Aid, Common",,7,"Cosmetics, common",1 cp,1 oz.,0.01,0.0625,,7,"Jewelry, gold, rare",500 gp,1 lb.,500,1,,7,"Alchemical materials, common",1 sp,1 oz.,0.1,0.0625,,7,"Ceramics, common",1 cp,5 lb.,0.01,5,,7,"Lumber, Common ",,,7,"Ash, raw",12 sp,90 lbs.,1.2,90,,7,"Beech, raw",3 gp,50 lbs.,3,50,,,,,,,,,
8,Good,,8,Artisan Tools,See Chart,See Chart,See Chart,See Chart,,8,"Artisan Tools, masterwork",55 sp,1 lb.,5.5,1,,8,"Cask of tobacco, common",8 sp,1 lb.,0.8,1,,8,Basalt,8 gp,10 lbs.,8,10,,8,"Arcis glass, unusual",50 gp,1 lb.,50,1,,8,"Animal Product, Common",,8,Caribou hide,1 gp,1 lb.,1,1,,8,Bear hide,15 sp,1 lb.,0.15,1,,8,Ambergris,50 gp,1 lb.,50,1,,8,Brass ingots,6 sp,1 lb.,0.6,1,,8,Bolt of burlap (sq. yd.),3 sp,2 lb.,0.3,2,,8,"Dyes, common",1 gp,1 lb.,1,1,,8,"Beauty Aid, Common",,8,"Cosmetics, common",1 cp,1 oz.,0.01,0.0625,,8,"Jewelry, platinum, common","1,000 gp",1 lb.,1000,1,,8,"Alchemical materials, common",1 sp,1 oz.,0.1,0.0625,,8,"Ceramics, common",1 cp,5 lb.,0.01,5,,8,"Lumber, Common ",,,8,"Ash, raw",12 sp,90 lbs.,1.2,90,,8,"Beech, raw",3 gp,50 lbs.,3,50,,,,,,,,,
9,Good,,9,Bath oil,See Chart,See Chart,See Chart,See Chart,,9,"Artisan Tools, masterwork",55 sp,1 lb.,5.5,1,,9,"Cask of tobacco, quality",15 sp,1 lb.,1.5,1,,9,Basalt,8 gp,10 lbs.,8,10,,9,"Arcis glass, unusual",50 gp,1 lb.,50,1,,9,"Animal Product, Common",,9,Dire elk hide,3 sp,1 lb.,0.3,1,,9,Bear hide,15 sp,1 lb.,0.15,1,,9,Ambergris,50 gp,1 lb.,50,1,,9,Coal,1 cp,2 lbs.,0.01,2,,9,Bolt of canvas (sq. yd.),2 gp,2 lb.,2,2,,9,"Dyes, common",1 gp,1 lb.,1,1,,9,"Beauty Aid, Common",,9,"Cosmetics, common",1 cp,1 oz.,0.01,0.0625,,9,"Jewelry, platinum, common","1,000 gp",1 lb.,1000,1,,9,"Alchemical materials, common",1 sp,1 oz.,0.1,0.0625,,9,"Ceramics, common",1 cp,5 lb.,0.01,5,,9,"Lumber, Common ",,,9,"Ash, raw",12 sp,90 lbs.,1.2,90,,9,"Beech, sawn",16 gp,50 lbs.,16,50,,,,,,,,,
10,Good,,10,Bath oil,See Chart,See Chart,See Chart,See Chart,,10,"Artisan Tools, masterwork",55 sp,1 lb.,5.5,1,,10,"Cask of tobacco, quality",15 sp,1 lb.,1.5,1,,10,Diorite,14 gp,10 lbs.,14,10,,10,"Arcis glass, unusual",50 gp,1 lb.,50,1,,10,"Animal Product, Common",,10,Dire elk hide,3 sp,1 lb.,0.3,1,,10,Bear hide,15 sp,1 lb.,0.15,1,,10,Ambergris,50 gp,1 lb.,50,1,,10,Coal,1 cp,2 lbs.,0.01,2,,10,Bolt of canvas (sq. yd.),2 gp,2 lb.,2,2,,10,"Dyes, common",1 gp,1 lb.,1,1,,10,"Beauty Aid, Common",,10,"Cosmetics, common",1 cp,1 oz.,0.01,0.0625,,10,"Jewelry, platinum, common","1,000 gp",1 lb.,1000,1,,10,"Alchemical materials, common",1 sp,1 oz.,0.1,0.0625,,10,"Ceramics, exotic",1 gp,5 lb.,1,5,,10,"Lumber, Common ",,,10,"Ash, sawn",6 gp,90 lbs.,6,90,,10,"Beech, sawn",16 gp,50 lbs.,16,50,,,,,,,,,
11,Good,,11,Beads,See Chart,See Chart,See Chart,See Chart,,,,,,,,,,,,,,,,11,Diorite,14 gp,10 lbs.,14,10,,11,"Curios, common",25 gp,1/2 lb.,25,0.5,,11,"Animal Product, Common",,11,Elk hide,2 sp,1 lb.,0.2,1,,11,"Claw, big cat",3 cp,2 oz.,0.03,0.125,,11,Ambergris,50 gp,1 lb.,50,1,,11,Coal,1 cp,2 lbs.,0.01,2,,11,Bolt of canvas (sq. yd.),2 gp,2 lb.,2,2,,11,"Dyes, common",1 gp,1 lb.,1,1,,11,"Beauty Aid, Common",,11,"Cosmetics, common",1 cp,1 oz.,0.01,0.0625,,11,"Jewelry, platinum, exotic","10,000 gp",1 lb.,10000,1,,11,"Alchemical materials, common",1 sp,1 oz.,0.1,0.0625,,11,"Ceramics, exotic",1 gp,5 lb.,1,5,,11,"Lumber, Common ",,,11,"Ash, sawn",6 gp,90 lbs.,6,90,,11,"Cork, block",1 sp,1 lb.,0.1,1,,,,,,,,,
12,Good,,12,Beads,See Chart,See Chart,See Chart,See Chart,,d20,Bath oil,Price,Weight,Price,Weight,,d20,Clay,Price,Weight,Price,Weight,,12,Diorite,14 gp,10 lbs.,14,10,,12,"Curios, common",25 gp,1/2 lb.,25,0.5,,12,"Animal Product, Common",,12,Elk hide,2 sp,1 lb.,0.2,1,,12,"Claw, big cat",3 cp,2 oz.,0.03,0.125,,12,Ambergris,50 gp,1 lb.,50,1,,12,Coal,1 cp,2 lbs.,0.01,2,,12,Bolt of canvas (sq. yd.),2 gp,2 lb.,2,2,,12,"Dyes, common",1 gp,1 lb.,1,1,,12,"Beauty Aid, Common",,12,"Cosmetics, common",1 cp,1 oz.,0.01,0.0625,,12,"Jewelry, platinum, rare","5,000 gp",1 lb.,5000,1,,12,"Alchemical materials, common",1 sp,1 oz.,0.1,0.0625,,12,"Ceramics, rare",1 sp,5 lb.,0.1,5,,12,"Lumber, Common ",,,12,"Ash, sawn",6 gp,90 lbs.,6,90,,12,"Cork, block",1 sp,1 lb.,0.1,1,,,,,,,,,
13,Good,,13,Beads,See Chart,See Chart,See Chart,See Chart,,1,"Bath oil, common",1 sp,1 oz.,0.1,0.0625,,1,"Clay, colored, fine",10 gp,1 lb.,10,1,,13,Diorite,14 gp,10 lbs.,14,10,,13,"Curios, common",25 gp,1/2 lb.,25,0.5,,13,"Animal Product, Common",,13,Elk hide,2 sp,1 lb.,0.2,1,,13,"Claw, big cat",3 cp,2 oz.,0.03,0.125,,13,Ambergris,50 gp,1 lb.,50,1,,13,Coal,1 cp,2 lbs.,0.01,2,,13,Bolt of canvas (sq. yd.),2 gp,2 lb.,2,2,,13,"Dyes, common",1 gp,1 lb.,1,1,,13,"Beauty Aid, Common",,13,"Cosmetics, exotic",20 gp,1 oz.,20,0.0625,,13,"Jewelry, platinum, rare","5,000 gp",1 lb.,5000,1,,13,"Alchemical materials, common",1 sp,1 oz.,0.1,0.0625,,13,"Ceramics, rare",1 sp,5 lb.,0.1,5,,13,"Lumber, Common ",,,13,"Aspen, raw",1 gp,50 lbs.,1,50,,13,"Cypress, raw",41 gp,60 lbs.,41,60,,,,,,,,,
14,Good,,14,Beeswax,See Chart,See Chart,See Chart,See Chart,,2,"Bath oil, common",1 sp,1 oz.,0.1,0.0625,,2,"Clay, colored, fine",10 gp,1 lb.,10,1,,14,Diorite,14 gp,10 lbs.,14,10,,14,"Curios, common",25 gp,1/2 lb.,25,0.5,,14,"Animal Product, Common",,14,Elk hide,2 sp,1 lb.,0.2,1,,14,"Claw, big cat",3 cp,2 oz.,0.03,0.125,,14,Ambergris,50 gp,1 lb.,50,1,,14,Coal,1 cp,2 lbs.,0.01,2,,14,Bolt of canvas (sq. yd.),2 gp,2 lb.,2,2,,14,"Dyes, common",1 gp,1 lb.,1,1,,14,"Beauty Aid, Common",,14,"Cosmetics, exotic",20 gp,1 oz.,20,0.0625,,14,"Jewelry, platinum, unusual","2,000 gp",1 lb.,2000,1,,14,"Alchemical materials, common",1 sp,1 oz.,0.1,0.0625,,14,"Ceramics, rare",1 sp,5 lb.,0.1,5,,14,"Lumber, Common ",,,14,"Aspen, raw",1 gp,50 lbs.,1,50,,14,"Cypress, raw",41 gp,60 lbs.,41,60,,,,,,,,,
15,Good,,15,Beeswax,See Chart,See Chart,See Chart,See Chart,,3,"Bath oil, common",1 sp,1 oz.,0.1,0.0625,,3,"Clay, colored, fine",10 gp,1 lb.,10,1,,15,Flint,33 gp,10 lbs.,33,10,,15,"Curios, common",25 gp,1/2 lb.,25,0.5,,15,"Animal Product, Common",,15,Ermine pelt,8 sp,1/2 lb.,0.8,0.5,,15,"Claws, bear",4 cp,2 oz.,0.04,0.125,,15,Ambergris,50 gp,1 lb.,50,1,,15,Copper ingots,5 sp,1 lb.,0.5,1,,15,"Bolt of canvas, quality (sq. yd.)",3 gp,2 lb.,3,2,,15,"Dyes, common",1 gp,1 lb.,1,1,,15,"Beauty Aid, Common",,15,"Cosmetics, exotic",20 gp,1 oz.,20,0.0625,,15,"Jewelry, platinum, unusual","2,000 gp",1 lb.,2000,1,,15,"Alchemical materials, common",1 sp,1 oz.,0.1,0.0625,,15,"Ceramics, unusual",2 cp,5 lb.,0.02,5,,15,"Lumber, Common ",,,15,"Aspen, raw",1 gp,50 lbs.,1,50,,15,"Cypress, sawn",45 gp,60 lbs.,45,60,,,,,,,,,
16,Stone,,16,Beeswax,See Chart,See Chart,See Chart,See Chart,,4,"Bath oil, common",1 sp,1 oz.,0.1,0.0625,,4,"Clay, colored, rough",1 gp,1 lb.,1,1,,16,Flint,33 gp,10 lbs.,33,10,,16,"Curios, rare",100 gp,1/2 lb.,100,0.5,,16,"Animal Product, Common",,16,Ermine pelt,8 sp,1/2 lb.,0.8,0.5,,16,"Claws, bear",4 cp,2 oz.,0.04,0.125,,16,Dragon flesh,5 sp,1 lb.,0.5,1,,16,Copper ingots,5 sp,1 lb.,0.5,1,,16,"Bolt of canvas, quality (sq. yd.)",3 gp,2 lb.,3,2,,16,"Dyes, common",1 gp,1 lb.,1,1,,16,"Beauty Aid, Common",,16,"Cosmetics, exotic",20 gp,1 oz.,20,0.0625,,16,"Jewelry, silver, exotic",500 gp,1 lb.,500,1,,16,"Alchemical materials, common",1 sp,1 oz.,0.1,0.0625,,16,"Ceramics, unusual",2 cp,5 lb.,0.02,5,,16,"Lumber, Common ",,,16,"Aspen, sawn",5 gp,50 lbs.,5,50,,16,"Cypress, sawn",45 gp,60 lbs.,45,60,,,,,,,,,
17,Stone,,17,Box of 20 Arrowheads,5 sp,1 lb.,0.5,1,,5,"Bath oil, common",1 sp,1 oz.,0.1,0.0625,,5,"Clay, colored, rough",1 gp,1 lb.,1,1,,17,Flint,33 gp,10 lbs.,33,10,,17,"Curios, unusual",50 gp,1/2 lb.,50,0.5,,17,"Animal Product, Common",,17,Ermine pelt,8 sp,1/2 lb.,0.8,0.5,,17,"Claws, bear",4 cp,2 oz.,0.04,0.125,,17,Dragon flesh,5 sp,1 lb.,0.5,1,,17,Copper ore,3 sp,1 lb.,0.3,1,,17,"Bolt of canvas, quality (sq. yd.)",3 gp,2 lb.,3,2,,17,"Dyes, common",1 gp,1 lb.,1,1,,17,"Beauty Aid, Common",,17,"Cosmetics, exotic",20 gp,1 oz.,20,0.0625,,17,"Jewelry, silver, exotic",500 gp,1 lb.,500,1,,17,"Alchemical materials, common",1 sp,1 oz.,0.1,0.0625,,17,"Ceramics, unusual",2 cp,5 lb.,0.02,5,,17,"Lumber, Common ",,,17,"Aspen, sawn",5 gp,50 lbs.,5,50,,17,"Darkwood, raw",300 gp,125 lbs.,300,125,,,,,,,,,
18,Stone,,18,Box of 20 Arrowheads,5 sp,1 lb.,0.5,1,,6,"Bath oil, common",1 sp,1 oz.,0.1,0.0625,,6,"Clay, colored, rough",1 gp,1 lb.,1,1,,18,Flint,33 gp,10 lbs.,33,10,,18,"Curios, unusual",50 gp,1/2 lb.,50,0.5,,18,"Animal Product, Common",,18,Ermine pelt,8 sp,1/2 lb.,0.8,0.5,,18,"Claws, bear",4 cp,2 oz.,0.04,0.125,,18,Dragon flesh,5 sp,1 lb.,0.5,1,,18,Copper ore,3 sp,1 lb.,0.3,1,,18,"Bolt of canvas, quality (sq. yd.)",3 gp,2 lb.,3,2,,18,"Dyes, common",1 gp,1 lb.,1,1,,18,"Beauty Aid, Common",,18,"Cosmetics, rare",5 gp,1 oz.,5,0.0625,,18,"Jewelry, silver, exotic",500 gp,1 lb.,500,1,,18,"Alchemical materials, common",1 sp,1 oz.,0.1,0.0625,,18,"Ceramics, unusual",2 cp,5 lb.,0.02,5,,18,"Lumber, Common ",,,18,"Aspen, sawn",5 gp,50 lbs.,5,50,,18,"Darkwood, raw",300 gp,125 lbs.,300,125,,,,,,,,,
19,Stone,,19,Box of 20 Arrowheads,5 sp,1 lb.,0.5,1,,7,"Bath oil, common",1 sp,1 oz.,0.1,0.0625,,7,"Clay, colored, rough",1 gp,1 lb.,1,1,,19,Flint,33 gp,10 lbs.,33,10,,19,"Curios, unusual",50 gp,1/2 lb.,50,0.5,,19,"Animal Product, Common",,19,"Feathers, chicken",5 cp,1 lb.,0.05,1,,19,Dire bear hide,2 gp,1 lb.,2,1,,19,Dragon flesh,5 sp,1 lb.,0.5,1,,19,Copper ore,3 sp,1 lb.,0.3,1,,19,"Bolt of canvas, rough (sq. yd.)",1 gp,2 lb.,1,2,,19,"Dyes, common",1 gp,1 lb.,1,1,,19,"Beauty Aid, Common",,19,"Cosmetics, rare",5 gp,1 oz.,5,0.0625,,19,"Jewelry, silver, exotic",500 gp,1 lb.,500,1,,19,"Alchemical materials, common",1 sp,1 oz.,0.1,0.0625,,19,"Ceramics, unusual",2 cp,5 lb.,0.02,5,,19,"Lumber, Common ",,,19,"Birch, bark",1 cp,1 lb.,0.01,1,,19,"Darkwood, raw",300 gp,125 lbs.,300,125,,,,,,,,,
20,Stone,,20,Box of 20 Arrowheads,5 sp,1 lb.,0.5,1,,8,"Bath oil, common",1 sp,1 oz.,0.1,0.0625,,8,"Clay, fine",1 gp,1 lb.,1,1,,20,Flint,33 gp,10 lbs.,33,10,,20,"Curios, unusual",50 gp,1/2 lb.,50,0.5,,20,"Animal Product, Common",,20,"Feathers, chicken",5 cp,1 lb.,0.05,1,,20,Dire bear hide,2 gp,1 lb.,2,1,,20,Dragon flesh,5 sp,1 lb.,0.5,1,,20,Copper ore,3 sp,1 lb.,0.3,1,,20,"Bolt of canvas, rough (sq. yd.)",1 gp,2 lb.,1,2,,20,"Dyes, common",1 gp,1 lb.,1,1,,20,"Beauty Aid, Common",,20,"Cosmetics, rare",5 gp,1 oz.,5,0.0625,,20,"Jewelry, silver, exotic",500 gp,1 lb.,500,1,,20,"Alchemical materials, common",1 sp,1 oz.,0.1,0.0625,,20,"Furniture, common",1 gp,10 lb.,1,10,,20,"Lumber, Common ",,,20,"Birch, bark",1 cp,1 lb.,0.01,1,,20,"Darkwood, raw",300 gp,125 lbs.,300,125,,,,,,,,,
21,Bulk Art,,21,Box of 20 Arrowheads,5 sp,1 lb.,0.5,1,,9,"Bath oil, common",1 sp,1 oz.,0.1,0.0625,,9,"Clay, fine",1 gp,1 lb.,1,1,,21,Granite,12 gp,10 lbs.,12,10,,21,"Heartlander wood products, common",35 gp,1 lb.,35,1,,21,"Animal Product, Common",,21,"Feathers, chicken",5 cp,1 lb.,0.05,1,,21,Dire bear hide,2 gp,1 lb.,2,1,,21,Dragon flesh,5 sp,1 lb.,0.5,1,,21,Copper ore,3 sp,1 lb.,0.3,1,,21,"Bolt of canvas, rough (sq. yd.)",1 gp,2 lb.,1,2,,21,"Dyes, common",1 gp,1 lb.,1,1,,21,"Beauty Aid, Common",,21,"Cosmetics, rare",5 gp,1 oz.,5,0.0625,,21,"Jewelry, silver, exotic",500 gp,1 lb.,500,1,,21,"Alchemical materials, common",1 sp,1 oz.,0.1,0.0625,,21,"Furniture, common",1 gp,10 lb.,1,10,,21,"Lumber, Common ",,,21,"Birch, raw",2 gp,100 lbs.,2,100,,21,"Darkwood, raw",300 gp,125 lbs.,300,125,,,,,,,,,
22,Bulk Art,,22,Buttons,See Chart,See Chart,See Chart,See Chart,,10,"Bath oil, common",1 sp,1 oz.,0.1,0.0625,,10,"Clay, fine",1 gp,1 lb.,1,1,,22,Granite,12 gp,10 lbs.,12,10,,22,"Heartlander wood products, common",35 gp,1 lb.,35,1,,22,"Animal Product, Common",,22,"Feathers, chicken",5 cp,1 lb.,0.05,1,,22,Dire snow leopard hide,7 sp,1 lb.,0.7,1,,22,Dragon flesh,5 sp,1 lb.,0.5,1,,22,Copper ore,3 sp,1 lb.,0.3,1,,22,"Bolt of canvas, rough (sq. yd.)",1 gp,2 lb.,1,2,,22,"Dyes, common",1 gp,1 lb.,1,1,,22,"Beauty Aid, Common",,22,"Cosmetics, rare",5 gp,1 oz.,5,0.0625,,22,"Jewelry, silver, exotic",500 gp,1 lb.,500,1,,22,"Alchemical materials, common",1 sp,1 oz.,0.1,0.0625,,22,"Furniture, common",1 gp,10 lb.,1,10,,22,"Lumber, Common ",,,22,"Birch, raw",2 gp,100 lbs.,2,100,,22,"Darkwood, sawn",400 gp,125 lbs.,400,125,,,,,,,,,
23,Bulk Art,,23,Buttons,See Chart,See Chart,See Chart,See Chart,,11,"Bath oil, unusual",2 gp,1 oz.,2,0.0625,,11,"Clay, fine",1 gp,1 lb.,1,1,,23,Granite,12 gp,10 lbs.,12,10,,23,"Heartlander wood products, common",35 gp,1 lb.,35,1,,23,"Animal Product, Common",,23,"Feathers, down",3 sp,1 lb.,0.3,1,,23,Dire snow leopard hide,7 sp,1 lb.,0.7,1,,23,Dragon flesh,5 sp,1 lb.,0.5,1,,23,Electrum ingot,25 sp,1 lb.,2.5,1,,23,"Bolt of canvas, rough (sq. yd.)",1 gp,2 lb.,1,2,,23,"Dyes, common",1 gp,1 lb.,1,1,,23,"Beauty Aid, Common",,23,"Cosmetics, rare",5 gp,1 oz.,5,0.0625,,23,"Jewelry, silver, exotic",500 gp,1 lb.,500,1,,23,"Alchemical materials, common",1 sp,1 oz.,0.1,0.0625,,23,"Furniture, common",1 gp,10 lb.,1,10,,23,"Lumber, Common ",,,23,"Birch, raw",2 gp,100 lbs.,2,100,,23,"Darkwood, sawn",400 gp,125 lbs.,400,125,,,,,,,,,
24,Animal Product,,24,Buttons,See Chart,See Chart,See Chart,See Chart,,12,"Bath oil, unusual",2 gp,1 oz.,2,0.0625,,12,"Clay, fine",1 gp,1 lb.,1,1,,24,Granite,12 gp,10 lbs.,12,10,,24,"Heartlander wood products, common",35 gp,1 lb.,35,1,,24,"Animal Product, Common",,24,"Feathers, down",3 sp,1 lb.,0.3,1,,24,Dire snow leopard hide,7 sp,1 lb.,0.7,1,,24,Dragon flesh,5 sp,1 lb.,0.5,1,,24,Fever iron,225 gp,1 lb.,225,1,,24,"Bolt of canvas, rough (sq. yd.)",1 gp,2 lb.,1,2,,24,"Dyes, common",1 gp,1 lb.,1,1,,24,"Beauty Aid, Common",,24,"Cosmetics, rare",5 gp,1 oz.,5,0.0625,,24,"Jewelry, silver, exotic",500 gp,1 lb.,500,1,,24,"Alchemical materials, common",1 sp,1 oz.,0.1,0.0625,,24,"Furniture, common",1 gp,10 lb.,1,10,,24,"Lumber, Common ",,,24,"Birch, sawn",5 gp,100 lbs.,5,100,,24,"Darkwood, sawn",400 gp,125 lbs.,400,125,,,,,,,,,
25,Animal Product,,25,Buttons,See Chart,See Chart,See Chart,See Chart,,13,"Bath oil, unusual",2 gp,1 oz.,2,0.0625,,13,"Clay, rough",1 sp,1 lb.,0.1,1,,25,Granite,12 gp,10 lbs.,12,10,,25,"Heartlander wood products, common",35 gp,1 lb.,35,1,,25,"Animal Product, Common",,25,"Feathers, down",3 sp,1 lb.,0.3,1,,25,Dire snowy tiger hide,8 sp,1 lb.,0.8,1,,25,Dragon flesh,5 sp,1 lb.,0.5,1,,25,Gold ingots,50 gp,1 lb.,50,1,,25,"Bolt of canvas, rough (sq. yd.)",1 gp,2 lb.,1,2,,25,"Dyes, common",1 gp,1 lb.,1,1,,25,"Beauty Aid, Common",,25,"Cosmetics, rare",5 gp,1 oz.,5,0.0625,,25,"Jewelry, silver, exotic",500 gp,1 lb.,500,1,,25,"Alchemical materials, common",1 sp,1 oz.,0.1,0.0625,,25,"Furniture, common",1 gp,10 lb.,1,10,,25,"Lumber, Common ",,,25,"Birch, sawn",5 gp,100 lbs.,5,100,,25,"Darkwood, sawn",400 gp,125 lbs.,400,125,,,,,,,,,
26,Animal Product,,26,Cask of tea leaves,See Chart,See Chart,See Chart,See Chart,,14,"Bath oil, unusual",2 gp,1 oz.,2,0.0625,,14,"Clay, rough",1 sp,1 lb.,0.1,1,,26,Granite,12 gp,10 lbs.,12,10,,26,"Heartlander wood products, rare",110 gp,1 lb.,11,1,,26,"Animal Product, Common",,26,"Feathers, down",3 sp,1 lb.,0.3,1,,26,Dire snowy tiger hide,8 sp,1 lb.,0.8,1,,26,Dragonbone,7 gp,1 lb.,7,1,,26,Gold ore,30 gp,1 lb.,30,1,,26,"Bolt of canvas, rough (sq. yd.)",1 gp,2 lb.,1,2,,26,"Dyes, exotic",50 gp,1 lb.,50,1,,26,"Beauty Aid, Common",,26,"Cosmetics, unusual",2 sp,1 oz.,0.2,0.0625,,26,"Jewelry, silver, exotic",500 gp,1 lb.,500,1,,26,"Alchemical materials, common",1 sp,1 oz.,0.1,0.0625,,26,"Furniture, common",1 gp,10 lb.,1,10,,26,"Lumber, Common ",,,26,"Birch, sawn",5 gp,100 lbs.,5,100,,26,"Darkwood, sawn",400 gp,125 lbs.,400,125,,,,,,,,,
27,Animal Product,,27,Cask of tea leaves,See Chart,See Chart,See Chart,See Chart,,15,"Bath oil, unusual",2 gp,1 oz.,2,0.0625,,15,"Clay, rough",1 sp,1 lb.,0.1,1,,27,Graphite,8 gp,10 lbs.,8,10,,27,"Heartlander wood products, unusual",60 gp,1 lb.,60,1,,27,"Animal Product, Common",,27,"Feathers, eagle (10)",1 sp,1 oz.,0.1,0.0625,,27,Dire snowy tiger hide,8 sp,1 lb.,0.8,1,,27,Dragonbone,7 gp,1 lb.,7,1,,27,Gold ore,30 gp,1 lb.,30,1,,27,Bolt of cotton cloth (sq. yd.),5 gp,1/4 lb.,5,0.25,,27,"Dyes, exotic",50 gp,1 lb.,50,1,,27,"Beauty Aid, Common",,27,"Cosmetics, unusual",2 sp,1 oz.,0.2,0.0625,,27,"Jewelry, silver, exotic",500 gp,1 lb.,500,1,,27,"Alchemical materials, common",1 sp,1 oz.,0.1,0.0625,,27,"Furniture, common",1 gp,10 lb.,1,10,,27,"Lumber, Common ",,,27,"Cedar, chips",1 cp,1 lb.,0.01,1,,27,"Ebony, raw",60 gp,125 lbs.,60,125,,,,,,,,,
28,Animal Product,,28,Cask of tea leaves,See Chart,See Chart,See Chart,See Chart,,16,"Bath oil, rare",25 gp,1 oz.,25,0.0625,,16,"Clay, rough",1 sp,1 lb.,0.1,1,,28,Graphite,8 gp,10 lbs.,8,10,,28,"Heartlander wood products, unusual",60 gp,1 lb.,60,1,,28,"Animal Product, Common",,28,"Feathers, eagle (10)",1 sp,1 oz.,0.1,0.0625,,28,Dire weasel pelt,6 sp,1 lb.,0.6,1,,28,Dragonbone,7 gp,1 lb.,7,1,,28,Gold ore,30 gp,1 lb.,30,1,,28,Bolt of cotton cloth (sq. yd.),5 gp,1/4 lb.,5,0.25,,28,"Dyes, rare",25 gp,1 lb.,25,1,,28,"Beauty Aid, Common",,28,"Cosmetics, unusual",2 sp,1 oz.,0.2,0.0625,,28,"Jewelry, silver, exotic",500 gp,1 lb.,500,1,,28,"Alchemical materials, common",1 sp,1 oz.,0.1,0.0625,,28,"Furniture, common",1 gp,10 lb.,1,10,,28,"Lumber, Common ",,,28,"Cedar, chips",1 cp,1 lb.,0.01,1,,28,"Ebony, raw",60 gp,125 lbs.,60,125,,,,,,,,,
29,Animal Product,,29,Cask of tea leaves,See Chart,See Chart,See Chart,See Chart,,17,"Bath oil, rare",25 gp,1 oz.,25,0.0625,,17,"Clay, rough",1 sp,1 lb.,0.1,1,,29,Graphite,8 gp,10 lbs.,8,10,,29,"Heartlander wood products, unusual",60 gp,1 lb.,60,1,,29,"Animal Product, Common",,29,"Feathers, eagle (10)",1 sp,1 oz.,0.1,0.0625,,29,Dire weasel pelt,6 sp,1 lb.,0.6,1,,29,Dragonbone,7 gp,1 lb.,7,1,,29,Gold ore,30 gp,1 lb.,30,1,,29,Bolt of cotton cloth (sq. yd.),5 gp,1/4 lb.,5,0.25,,29,"Dyes, rare",25 gp,1 lb.,25,1,,29,"Beauty Aid, Common",,29,"Cosmetics, unusual",2 sp,1 oz.,0.2,0.0625,,29,"Jewelry, silver, exotic",500 gp,1 lb.,500,1,,29,"Alchemical materials, common",1 sp,1 oz.,0.1,0.0625,,29,"Furniture, exotic",25 gp,10 lb.,25,10,,29,"Lumber, Common ",,,29,"Cedar, raw",16 sp,50 lbs.,1.6,50,,29,"Ebony, sawn",70 gp,125 lbs.,70,125,,,,,,,,,
30,Animal Product,,30,Cask of tobacco,See Chart,See Chart,See Chart,See Chart,,18,"Bath oil, rare",25 gp,1 oz.,25,0.0625,,18,"Clay, rough",1 sp,1 lb.,0.1,1,,30,Graphite,8 gp,10 lbs.,8,10,,30,"Midlander clockwork, common",35 gp,1/2 lb.,35,0.5,,30,"Animal Product, Common",,30,"Feathers, goose",1 sp,1 lb.,0.1,1,,30,Dire weasel pelt,6 sp,1 lb.,0.6,1,,30,Dragonbone,7 gp,1 lb.,7,1,,30,Iron bars,1 sp,1 lb.,0.1,1,,30,Bolt of cotton cloth (sq. yd.),5 gp,1/4 lb.,5,0.25,,30,"Dyes, rare",25 gp,1 lb.,25,1,,30,"Beauty Aid, Common",,30,"Cosmetics, unusual",2 sp,1 oz.,0.2,0.0625,,30,"Jewelry, silver, exotic",500 gp,1 lb.,500,1,,30,"Alchemical materials, common",1 sp,1 oz.,0.1,0.0625,,30,"Furniture, exotic",25 gp,10 lb.,25,10,,30,"Lumber, Common ",,,30,"Cedar, raw",16 sp,50 lbs.,1.6,50,,30,"Ebony, sawn",70 gp,125 lbs.,70,125,,,,,,,,,
31,Animal Product,,31,Cask of tobacco,See Chart,See Chart,See Chart,See Chart,,19,"Bath oil, rare",25 gp,1 oz.,25,0.0625,,19,"Clay, rough",1 sp,1 lb.,0.1,1,,31,Graphite,8 gp,10 lbs.,8,10,,31,"Midlander clockwork, common",35 gp,1/2 lb.,35,0.5,,31,"Animal Product, Common",,31,"Feathers, goose",1 sp,1 lb.,0.1,1,,31,Dire weasel pelt,6 sp,1 lb.,0.6,1,,31,Dragonbone,7 gp,1 lb.,7,1,,31,Iron bars,1 sp,1 lb.,0.1,1,,31,"Bolt of cotton cloth, fine (sq. yd.)",6 gp,1/2 lb.,6,0.5,,31,"Dyes, rare",25 gp,1 lb.,25,1,,31,"Beauty Aid, Common",,31,"Cosmetics, unusual",2 sp,1 oz.,0.2,0.0625,,31,"Jewelry, gold, unusual",200 gp,1 lb.,200,1,,31,"Alchemical materials, exotic",25 gp,1 oz.,25,0.0625,,31,"Furniture, rare",15 gp,10 lb.,15,10,,31,"Lumber, Common ",,,31,"Cedar, raw",16 sp,50 lbs.,1.6,50,,31,"Elm, raw",12 gp,75 lbs.,12,75,,,,,,,,,
32,Animal Product,,32,Chalk,65 cp,4 lbs.,0.65,4,,20,"Bath oil, exotic",50 gp,1 oz.,50,0.0625,,20,"Clay, rough",1 sp,1 lb.,0.1,1,,32,"Marble, colored",30 gp,10 lbs.,30,10,,32,"Midlander clockwork, common",35 gp,1/2 lb.,35,0.5,,32,"Animal Product, Common",,32,"Feathers, goose",1 sp,1 lb.,0.1,1,,32,Dire wolf pelt,5 sp,1 lb.,0.5,1,,32,Dragonbone,7 gp,1 lb.,7,1,,32,Iron bars,1 sp,1 lb.,0.1,1,,32,"Bolt of cotton cloth, fine (sq. yd.)",6 gp,1/2 lb.,6,0.5,,32,"Dyes, rare",25 gp,1 lb.,25,1,,32,"Beauty Aid, Common",,32,"Cosmetics, unusual",2 sp,1 oz.,0.2,0.0625,,32,"Jewelry, gold, unusual",200 gp,1 lb.,200,1,,32,"Alchemical materials, exotic",25 gp,1 oz.,25,0.0625,,32,"Furniture, rare",15 gp,10 lb.,15,10,,32,"Lumber, Common ",,,32,"Cedar, sawn",8 gp,50 lbs.,8,50,,32,"Elm, raw",12 gp,75 lbs.,12,75,,,,,,,,,
33,Animal Product,,33,Chalk,65 cp,4 lbs.,0.65,4,,,,,,,,,,,,,,,,33,"Marble, colored",30 gp,10 lbs.,30,10,,33,"Midlander clockwork, common",35 gp,1/2 lb.,35,0.5,,33,"Animal Product, Common",,33,"Feathers, goose",1 sp,1 lb.,0.1,1,,33,Dire wolf pelt,5 sp,1 lb.,0.5,1,,33,Dragonbone,7 gp,1 lb.,7,1,,33,Iron bars,1 sp,1 lb.,0.1,1,,33,Bolt of cotton gauze (sq. yd.),3 gp,1 oz.,3,0.0625,,33,"Dyes, rare",25 gp,1 lb.,25,1,,33,"Beauty Aid, Common",,33,"Cosmetics, unusual",2 sp,1 oz.,0.2,0.0625,,33,"Jewelry, gold, unusual",200 gp,1 lb.,200,1,,33,"Alchemical materials, exotic",25 gp,1 oz.,25,0.0625,,33,"Furniture, rare",15 gp,10 lb.,15,10,,33,"Lumber, Common ",,,33,"Cedar, sawn",8 gp,50 lbs.,8,50,,33,"Elm, sawn",22 gp,75 lbs.,22,75,,,,,,,,,
34,Animal Product,,34,Chalk,65 cp,4 lbs.,0.65,4,,d20,Beads,Price,Weight,Price,Weight,,d10,Farming tools,Price,Weight,Price,Weight,,34,"Marble, colored",30 gp,10 lbs.,30,10,,34,"Midlander clockwork, common",35 gp,1/2 lb.,35,0.5,,34,"Animal Product, Common",,34,"Feathers, hawk (10)",1 sp,1 oz.,0.1,0.0625,,34,Dire wolf pelt,5 sp,1 lb.,0.5,1,,34,Dragonbone,7 gp,1 lb.,7,1,,34,Iron bars,1 sp,1 lb.,0.1,1,,34,Bolt of cotton gauze (sq. yd.),3 gp,1 oz.,3,0.0625,,34,"Dyes, rare",25 gp,1 lb.,25,1,,34,"Beauty Aid, Common",,34,"Cosmetics, unusual",2 sp,1 oz.,0.2,0.0625,,34,"Jewelry, gold, unusual",200 gp,1 lb.,200,1,,34,"Alchemical materials, exotic",25 gp,1 oz.,25,0.0625,,34,"Furniture, unusual",5 gp,10 lb.,5,10,,34,"Lumber, Common ",,,34,"Cedar, sawn",8 gp,50 lbs.,8,50,,34,"Elm, sawn",22 gp,75 lbs.,22,75,,,,,,,,,
35,Animal Product,,35,Chalk,65 cp,4 lbs.,0.65,4,,1,"Beads, bone",5 cp,1 lb.,0.05,1,,1,"Farming tools, common",2 cp,1 lb.,0.02,1,,35,"Marble, textured",32 gp,10 lbs.,32,10,,35,"Midlander clockwork, rare",120 gp,1/2 lb.,120,0.5,,35,"Animal Product, Common",,35,"Feathers, hawk (10)",1 sp,1 oz.,0.1,0.0625,,35,Dire wolf pelt,5 sp,1 lb.,0.5,1,,35,Dragonbone,7 gp,1 lb.,7,1,,35,Iron bars,1 sp,1 lb.,0.1,1,,35,Bolt of felt (sq. yd.),5 sp,1 lb.,0.5,1,,35,"Dyes, rare",25 gp,1 lb.,25,1,,35,"Beauty Aid, Common",,35,"Jewelry, copper, common",1 gp,1 lb.,1,1,,35,"Jewelry, gold, unusual",200 gp,1 lb.,200,1,,35,"Alchemical materials, exotic",25 gp,1 oz.,25,0.0625,,35,"Furniture, unusual",5 gp,10 lb.,5,10,,35,"Lumber, Common ",,,35,"Cherry, raw",5 gp,75 lbs.,5,75,,35,"Linden, raw",12 gp,50 lbs.,12,50,,,,,,,,,
36,Animal Product,,36,Chalk,65 cp,4 lbs.,0.65,4,,2,"Beads, bone",5 cp,1 lb.,0.05,1,,2,"Farming tools, common",2 cp,1 lb.,0.02,1,,36,"Marble, textured",32 gp,10 lbs.,32,10,,36,"Midlander clockwork, unusual",70 gp,1/2 lb.,70,0.5,,36,"Animal Product, Common",,36,"Feathers, hawk (10)",1 sp,1 oz.,0.1,0.0625,,36,"Fang, bear",5 cp,1 oz.,0.05,0.0625,,36,Dragonbone,7 gp,1 lb.,7,1,,36,Iron ore,3 cp,1 lb.,0.03,1,,36,Bolt of felt (sq. yd.),5 sp,1 lb.,0.5,1,,36,"Dyes, rare",25 gp,1 lb.,25,1,,36,"Beauty Aid, Common",,36,"Jewelry, copper, common",1 gp,1 lb.,1,1,,36,"Jewelry, gold, unusual",200 gp,1 lb.,200,1,,36,"Alchemical materials, exotic",25 gp,1 oz.,25,0.0625,,36,"Furniture, unusual",5 gp,10 lb.,5,10,,36,"Lumber, Common ",,,36,"Cherry, raw",5 gp,75 lbs.,5,75,,36,"Linden, raw",12 gp,50 lbs.,12,50,,,,,,,,,
37,Animal Product,,37,Chalk,65 cp,4 lbs.,0.65,4,,3,"Beads, bone",5 cp,1 lb.,0.05,1,,3,"Farming tools, common",2 cp,1 lb.,0.02,1,,37,"Marble, textured",32 gp,10 lbs.,32,10,,37,"Midlander clockwork, unusual",70 gp,1/2 lb.,70,0.5,,37,"Animal Product, Common",,37,"Feathers, owl (10)",1 sp,1 oz.,0.1,0.0625,,37,"Fang, bear",5 cp,1 oz.,0.05,0.0625,,37,Dragonbone,7 gp,1 lb.,7,1,,37,Iron ore,3 cp,1 lb.,0.03,1,,37,Bolt of felt (sq. yd.),5 sp,1 lb.,0.5,1,,37,"Dyes, rare",25 gp,1 lb.,25,1,,37,"Beauty Aid, Common",,37,"Jewelry, copper, common",1 gp,1 lb.,1,1,,37,"Jewelry, gold, unusual",200 gp,1 lb.,200,1,,37,"Alchemical materials, exotic",25 gp,1 oz.,25,0.0625,,37,"Furniture, unusual",5 gp,10 lb.,5,10,,37,"Lumber, Common ",,,37,"Cherry, raw",5 gp,75 lbs.,5,75,,37,"Linden, sawn",18 gp,50 lbs.,18,50,,,,,,,,,
38,Animal Product,,38,Charcoal,1 sp,5 lbs.,0.1,5,,4,"Beads, bone",5 cp,1 lb.,0.05,1,,4,"Farming tools, common",2 cp,1 lb.,0.02,1,,38,"Marble, white",20 gp,10 lbs.,20,10,,38,"Midlander clockwork, unusual",70 gp,1/2 lb.,70,0.5,,38,"Animal Product, Common",,38,"Feathers, owl (10)",1 sp,1 oz.,0.1,0.0625,,38,"Fang, bear",5 cp,1 oz.,0.05,0.0625,,38,Dragonbone,7 gp,1 lb.,7,1,,38,Iron ore,3 cp,1 lb.,0.03,1,,38,Bolt of felt (sq. yd.),5 sp,1 lb.,0.5,1,,38,"Dyes, rare",25 gp,1 lb.,25,1,,38,"Beauty Aid, Common",,38,"Jewelry, copper, common",1 gp,1 lb.,1,1,,38,"Jewelry, gold, unusual",200 gp,1 lb.,200,1,,38,"Alchemical materials, exotic",25 gp,1 oz.,25,0.0625,,38,"Furniture, unusual",5 gp,10 lb.,5,10,,38,"Lumber, Common ",,,38,"Cherry, sawn",20 gp,75 lbs.,20,75,,38,"Linden, sawn",18 gp,50 lbs.,18,50,,,,,,,,,
39,Metal Product,,39,Charcoal,1 sp,5 lbs.,0.1,5,,5,"Beads, stone",1 cp,1 lb.,0.01,1,,5,"Farming tools, common",2 cp,1 lb.,0.02,1,,39,"Marble, white",20 gp,10 lbs.,20,10,,39,"Paintings, rare",100 gp,2 lbs.,100,2,,39,"Animal Product, Common",,39,"Feathers, owl (10)",1 sp,1 oz.,0.1,0.0625,,39,"Fang, bear",5 cp,1 oz.,0.05,0.0625,,39,Dragonhide,10 gp,1 lb.,10,1,,39,Iron ore,3 cp,1 lb.,0.03,1,,39,Bolt of felt (sq. yd.),5 sp,1 lb.,0.5,1,,39,"Dyes, rare",25 gp,1 lb.,25,1,,39,"Beauty Aid, Common",,39,"Jewelry, copper, common",1 gp,1 lb.,1,1,,39,"Jewelry, gold, unusual",200 gp,1 lb.,200,1,,39,"Alchemical materials, exotic",25 gp,1 oz.,25,0.0625,,39,Pots and pans,8 gp,10 lb.,8,10,,39,"Lumber, Common ",,,39,"Cherry, sawn",20 gp,75 lbs.,20,75,,39,"Mahogany, raw",43 gp,75 lbs.,43,75,,,,,,,,,
40,Metal Product,,40,Charcoal,1 sp,5 lbs.,0.1,5,,6,"Beads, stone",1 cp,1 lb.,0.01,1,,6,"Farming tools, common",2 cp,1 lb.,0.02,1,,40,"Marble, white",20 gp,10 lbs.,20,10,,40,"Paintings, unusual",50 gp,2 lbs.,50,2,,40,"Animal Product, Common",,40,Fox pelt,6 sp,1/2 lb.,0.6,0.5,,40,"Fang, big cat",4 cp,1 oz.,0.04,0.0625,,40,Dragonhide,10 gp,1 lb.,10,1,,40,Iron ore,3 cp,1 lb.,0.03,1,,40,Bolt of felt (sq. yd.),5 sp,1 lb.,0.5,1,,40,"Dyes, rare",25 gp,1 lb.,25,1,,40,"Beauty Aid, Common",,40,"Jewelry, copper, common",1 gp,1 lb.,1,1,,40,"Jewelry, gold, unusual",200 gp,1 lb.,200,1,,40,"Alchemical materials, exotic",25 gp,1 oz.,25,0.0625,,40,Pots and pans,8 gp,10 lb.,8,10,,40,"Lumber, Common ",,,40,"Cherry, sawn",20 gp,75 lbs.,20,75,,40,"Mahogany, raw",43 gp,75 lbs.,43,75,,,,,,,,,
41,Metal Product,,41,Charcoal,1 sp,5 lbs.,0.1,5,,7,"Beads, stone",1 cp,1 lb.,0.01,1,,7,"Farming tools, masterwork",1 sp,1 lb.,0.1,1,,41,Pumice,10 gp,10 lbs.,10,10,,41,"Paintings, unusual",50 gp,2 lbs.,50,2,,41,"Animal Product, Common",,41,Fox pelt,6 sp,1/2 lb.,0.6,0.5,,41,"Fang, big cat",4 cp,1 oz.,0.04,0.0625,,41,Dragonhide,10 gp,1 lb.,10,1,,41,Iron ore,3 cp,1 lb.,0.03,1,,41,"Bolt of felt, fine (sq. yd.)",1 gp,1 lb.,1,1,,41,"Dyes, unusual",10 gp,1 lb.,10,1,,41,"Beauty Aid, Common",,41,"Jewelry, copper, common",1 gp,1 lb.,1,1,,41,"Jewelry, gold, unusual",200 gp,1 lb.,200,1,,41,"Alchemical materials, exotic",25 gp,1 oz.,25,0.0625,,41,Pots and pans,8 gp,10 lb.,8,10,,41,"Lumber, Common ",,,41,"Chestnut, raw",2 gp,75 lbs.,2,75,,41,"Mahogany, sawn",53 gp,75 lbs.,53,75,,,,,,,,,
42,Metal Product,,42,Charcoal,1 sp,5 lbs.,0.1,5,,8,"Beads, stone",1 cp,1 lb.,0.01,1,,8,"Farming tools, masterwork",1 sp,1 lb.,0.1,1,,42,Pumice,10 gp,10 lbs.,10,10,,42,"Paintings, unusual",50 gp,2 lbs.,50,2,,42,"Animal Product, Common",,42,Fox pelt,6 sp,1/2 lb.,0.6,0.5,,42,"Fang, big cat",4 cp,1 oz.,0.04,0.0625,,42,Dragonhide,10 gp,1 lb.,10,1,,42,Iron ore,3 cp,1 lb.,0.03,1,,42,"Bolt of felt, fine (sq. yd.)",1 gp,1 lb.,1,1,,42,"Dyes, unusual",10 gp,1 lb.,10,1,,42,"Beauty Aid, Common",,42,"Jewelry, copper, exotic",50 gp,1 lb.,50,1,,42,"Jewelry, gold, unusual",200 gp,1 lb.,200,1,,42,"Alchemical materials, exotic",25 gp,1 oz.,25,0.0625,,42,Pots and pans,8 gp,10 lb.,8,10,,42,"Lumber, Common ",,,42,"Chestnut, raw",2 gp,75 lbs.,2,75,,42,"Mahogany, sawn",53 gp,75 lbs.,53,75,,,,,,,,,
43,Metal Product,,43,Charcoal,1 sp,5 lbs.,0.1,5,,9,"Beads, ceramic",8 cp,1 lb.,0.08,1,,9,"Farming tools, masterwork",1 sp,1 lb.,0.1,1,,43,Pumice,10 gp,10 lbs.,10,10,,43,"Paintings, unusual",50 gp,2 lbs.,50,2,,43,"Animal Product, Common",,43,Fox pelt,6 sp,1/2 lb.,0.6,0.5,,43,"Fang, big cat",4 cp,1 oz.,0.04,0.0625,,43,Dragonhide,10 gp,1 lb.,10,1,,43,Lead ingots,3 cp,10 lbs.,0.03,10,,43,"Bolt of felt, fine (sq. yd.)",1 gp,1 lb.,1,1,,43,"Dyes, unusual",10 gp,1 lb.,10,1,,43,"Beauty Aid, Common",,43,"Jewelry, copper, exotic",50 gp,1 lb.,50,1,,43,"Jewelry, gold, unusual",200 gp,1 lb.,200,1,,43,"Alchemical materials, exotic",25 gp,1 oz.,25,0.0625,,43,Pots and pans,8 gp,10 lb.,8,10,,43,"Lumber, Common ",,,43,"Chestnut, raw",2 gp,75 lbs.,2,75,,43,"Maple, raw",10 gp,50 lbs.,10,50,,,,,,,,,
44,Metal Product,,44,Clay,See Chart,See Chart,See Chart,See Chart,,10,"Beads, ceramic",8 cp,1 lb.,0.08,1,,10,"Farming tools, masterwork",1 sp,1 lb.,0.1,1,,44,Pumice,10 gp,10 lbs.,10,10,,44,"Portraits, common",25 gp,2 lbs.,25,2,,44,"Animal Product, Common",,44,"Goat leather, crude",1 sp,1 lb.,0.1,1,,44,"Feather, roc (1)",1 gp,1/2 lb.,1,0.5,,44,Dragonhide,10 gp,1 lb.,10,1,,44,Lead ingots,3 cp,10 lbs.,0.03,10,,44,Bolt of flannel (sq. yd.),5 sp,1/2 lb.,0.5,0.5,,44,"Dyes, unusual",10 gp,1 lb.,10,1,,44,"Beauty Aid, Common",,44,"Jewelry, copper, rare",20 gp,1 lb.,20,1,,44,"Jewelry, gold, unusual",200 gp,1 lb.,200,1,,44,"Alchemical materials, rare",10 gp,1 oz.,10,0.0625,,44,Pots and pans,8 gp,10 lb.,8,10,,44,"Lumber, Common ",,,44,"Chestnut, sawn",6 gp,75 lbs.,6,75,,44,"Maple, raw",10 gp,50 lbs.,10,50,,,,,,,,,
45,Metal Product,,45,Clay,See Chart,See Chart,See Chart,See Chart,,11,"Beads, ceramic",8 cp,1 lb.,0.08,1,,,,,,,,,45,Pumice,10 gp,10 lbs.,10,10,,45,"Portraits, common",25 gp,2 lbs.,25,2,,45,"Animal Product, Common",,45,"Goat leather, crude",1 sp,1 lb.,0.1,1,,45,Feathers giant owl (1),5 sp,4 oz.,0.5,0.25,,45,Dragonhide,10 gp,1 lb.,10,1,,45,Lead ore,3 cp,15 lbs.,0.03,15,,45,Bolt of flannel (sq. yd.),5 sp,1/2 lb.,0.5,0.5,,45,"Dyes, unusual",10 gp,1 lb.,10,1,,45,"Beauty Aid, Common",,45,"Jewelry, copper, rare",20 gp,1 lb.,20,1,,45,"Jewelry, gold, unusual",200 gp,1 lb.,200,1,,45,"Alchemical materials, rare",10 gp,1 oz.,10,0.0625,,45,Pots and pans,8 gp,10 lb.,8,10,,45,"Lumber, Common ",,,45,"Chestnut, sawn",6 gp,75 lbs.,6,75,,45,"Maple, raw",10 gp,50 lbs.,10,50,,,,,,,,,
46,Metal Product,,46,Clay,See Chart,See Chart,See Chart,See Chart,,12,"Beads, ceramic",8 cp,1 lb.,0.08,1,,d20,Glass,Price,Weight,Price,Weight,,46,Pumice,10 gp,10 lbs.,10,10,,46,"Portraits, common",25 gp,2 lbs.,25,2,,46,"Animal Product, Unusual",,46,"Goat leather, crude",1 sp,1 lb.,0.1,1,,46,Feathers giant owl (1),5 sp,4 oz.,0.5,0.25,,46,Dragonhide,10 gp,1 lb.,10,1,,46,Lead ore,3 cp,15 lbs.,0.03,15,,46,Bolt of flannel (sq. yd.),5 sp,1/2 lb.,0.5,0.5,,46,"Dyes, unusual",10 gp,1 lb.,10,1,,46,"Beauty Aid, Common",,46,"Jewelry, copper, rare",20 gp,1 lb.,20,1,,46,"Jewelry, gold, unusual",200 gp,1 lb.,200,1,,46,"Alchemical materials, rare",10 gp,1 oz.,10,0.0625,,46,Pots and pans,8 gp,10 lb.,8,10,,46,"Lumber, Common ",,,46,"Chestnut, sawn",6 gp,75 lbs.,6,75,,46,"Maple, raw",10 gp,50 lbs.,10,50,,,,,,,,,
47,Metal Product,,47,Clay,See Chart,See Chart,See Chart,See Chart,,13,"Beads, glass",1 sp,1 lb.,0.1,1,,1,"Glass rod, decorative",1 sp,1 oz.,0.1,1,,47,Pumice,10 gp,10 lbs.,10,10,,47,"Portraits, common",25 gp,2 lbs.,25,2,,47,"Animal Product, Unusual",,47,"Goat leather, crude",1 sp,1 lb.,0.1,1,,47,"Feathers, giant eagle (1)",5 sp,4 oz.,0.5,0.25,,47,Dragonhide,10 gp,1 lb.,10,1,,47,Lead ore,3 cp,15 lbs.,0.03,15,,47,Bolt of flannel (sq. yd.),5 sp,1/2 lb.,0.5,0.5,,47,"Dyes, unusual",10 gp,1 lb.,10,1,,47,"Beauty Aid, Common",,47,"Jewelry, copper, rare",20 gp,1 lb.,20,1,,47,"Jewelry, gold, unusual",200 gp,1 lb.,200,1,,47,"Alchemical materials, rare",10 gp,1 oz.,10,0.0625,,47,Pots and pans,8 gp,10 lb.,8,10,,47,"Lumber, Common ",,,47,"Felsul, raw",15 gp,50 lbs.,15,50,,47,"Maple, raw",10 gp,50 lbs.,10,50,,,,,,,,,
48,Metal Product,,48,Farming tools,See Chart,See Chart,See Chart,See Chart,,14,"Beads, glass",1 sp,1 lb.,0.1,1,,2,"Glass rod, decorative",1 sp,1 oz.,0.1,1,,48,Sandstone,4 sp,10 lbs.,0.4,10,,48,"Portraits, common",25 gp,2 lbs.,25,2,,48,"Animal Product, Unusual",,48,"Goat leather, crude",1 sp,1 lb.,0.1,1,,48,"Feathers, giant eagle (1)",5 sp,4 oz.,0.5,0.25,,48,Dragonhide,10 gp,1 lb.,10,1,,48,Lead ore,3 cp,15 lbs.,0.03,15,,48,Bolt of flannel (sq. yd.),5 sp,1/2 lb.,0.5,0.5,,48,"Dyes, unusual",10 gp,1 lb.,10,1,,48,"Beauty Aid, Common",,48,"Jewelry, copper, rare",20 gp,1 lb.,20,1,,48,"Jewelry, gold, unusual",200 gp,1 lb.,200,1,,48,"Alchemical materials, rare",10 gp,1 oz.,10,0.0625,,48,"Rugs, common",1 gp,10 lb.,1,10,,48,"Lumber, Common ",,,48,"Felsul, raw",15 gp,50 lbs.,15,50,,48,"Maple, sawn",20 gp,50 lbs.,20,50,,,,,,,,,
49,Metal Product,,49,Farming tools,See Chart,See Chart,See Chart,See Chart,,15,"Beads, glass",1 sp,1 lb.,0.1,1,,3,"Glass rod, decorative",1 sp,1 oz.,0.1,1,,49,Sandstone,4 sp,10 lbs.,0.4,10,,49,"Portraits, rare",100 gp,2 lbs.,100,2,,49,"Animal Product, Unusual",,49,"Goat leather, crude",1 sp,1 lb.,0.1,1,,49,Lynx pelt,4 sp,1 lb.,0.4,1,,49,Dragonhide,10 gp,1 lb.,10,1,,49,Lead ore,3 cp,15 lbs.,0.03,15,,49,Bolt of flannel (sq. yd.),5 sp,1/2 lb.,0.5,0.5,,49,"Dyes, unusual",10 gp,1 lb.,10,1,,49,"Beauty Aid, Common",,49,"Jewelry, copper, unusual",5 gp,1 lb.,5,1,,49,"Jewelry, gold, unusual",200 gp,1 lb.,200,1,,49,"Alchemical materials, rare",10 gp,1 oz.,10,0.0625,,49,"Rugs, common",1 gp,10 lb.,1,10,,49,"Lumber, Common ",,,49,"Felsul, raw",15 gp,50 lbs.,15,50,,49,"Maple, sawn",20 gp,50 lbs.,20,50,,,,,,,,,
50,Metal Product,,50,Farming tools,See Chart,See Chart,See Chart,See Chart,,16,"Beads, steel",1 sp,1 lb.,0.1,1,,4,"Glass, clear, crude",3 gp,1 lb.,3,1,,50,Sandstone,4 sp,10 lbs.,0.4,10,,50,"Portraits, unusual",50 gp,2 lbs.,50,2,,50,"Animal Product, Unusual",,50,"Goat leather, crude",1 sp,1 lb.,0.1,1,,50,Lynx pelt,4 sp,1 lb.,0.4,1,,50,Dragonhide,10 gp,1 lb.,10,1,,50,Lead ore,3 cp,15 lbs.,0.03,15,,50,"Bolt of flannel, heavy (sq. yd.)",1 gp,2/3 lb.,1,0.67,,50,"Dyes, unusual",10 gp,1 lb.,10,1,,50,"Beauty Aid, Common",,50,"Jewelry, copper, unusual",5 gp,1 lb.,5,1,,50,"Jewelry, gold, unusual",200 gp,1 lb.,200,1,,50,"Alchemical materials, rare",10 gp,1 oz.,10,0.0625,,50,"Rugs, common",1 gp,10 lb.,1,10,,50,"Lumber, Common ",,,50,"Felsul, sawn",25 gp,50 lbs.,25,50,,50,"Maple, sawn",20 gp,50 lbs.,20,50,,,,,,,,,
51,Metal Product,,51,Farming tools,See Chart,See Chart,See Chart,See Chart,,17,"Beads, steel",1 sp,1 lb.,0.1,1,,5,"Glass, clear, crude",3 gp,1 lb.,3,1,,51,Sandstone,4 sp,10 lbs.,0.4,10,,51,"Portraits, unusual",50 gp,2 lbs.,50,2,,51,"Animal Product, Unusual",,51,"Goat leather, crude",1 sp,1 lb.,0.1,1,,51,Lynx pelt,4 sp,1 lb.,0.4,1,,51,Fleece,6 gp,1 lb.,6,1,,51,Mithral bars,150 gp,1 lb.,150,1,,51,"Bolt of flannel, heavy (sq. yd.)",1 gp,2/3 lb.,1,0.67,,51,"Paints, common",1 sp,1 lb.,0.1,1,,51,"Beauty Aid, Common",,51,"Jewelry, copper, unusual",5 gp,1 lb.,5,1,,51,"Jewelry, gold, common",100 gp,1 lb.,100,1,,51,"Alchemical materials, rare",10 gp,1 oz.,10,0.0625,,51,"Rugs, common",1 gp,10 lb.,1,10,,51,"Lumber, Common ",,,51,"Felsul, sawn",25 gp,50 lbs.,25,50,,51,"Maple, sawn",20 gp,50 lbs.,20,50,,,,,,,,,
52,Metal Product,,52,Farming tools,See Chart,See Chart,See Chart,See Chart,,18,"Beads, steel",1 sp,1 lb.,0.1,1,,6,"Glass, clear, crude",3 gp,1 lb.,3,1,,52,Sandstone,4 sp,10 lbs.,0.4,10,,52,"Portraits, unusual",50 gp,2 lbs.,50,2,,52,"Animal Product, Unusual",,52,"Goat leather, fine",15 cp,1 lb.,0.15,1,,52,Lynx pelt,4 sp,1 lb.,0.4,1,,52,Fleece,6 gp,1 lb.,6,1,,52,Mithral bars,150 gp,1 lb.,150,1,,52,"Bolt of flannel, heavy (sq. yd.)",1 gp,2/3 lb.,1,0.67,,52,"Paints, common",1 sp,1 lb.,0.1,1,,52,"Beauty Aid, Common",,52,"Jewelry, copper, unusual",5 gp,1 lb.,5,1,,52,"Jewelry, gold, common",100 gp,1 lb.,100,1,,52,"Alchemical materials, unusual",1 gp,1 oz.,1,0.0625,,52,"Rugs, common",1 gp,10 lb.,1,10,,52,"Lumber, Common ",,,52,"Felsul, sawn",25 gp,50 lbs.,25,50,,52,"Maple, sawn",20 gp,50 lbs.,20,50,,,,,,,,,
53,Metal Product,,53,Farming tools,See Chart,See Chart,See Chart,See Chart,,19,"Beads, amber",1 gp,1 lb.,1,1,,7,"Glass, clear, crude",3 gp,1 lb.,3,1,,53,Sandstone,4 sp,10 lbs.,0.4,10,,53,"Portraits, unusual",50 gp,2 lbs.,50,2,,53,"Animal Product, Unusual",,53,"Goat leather, fine",15 cp,1 lb.,0.15,1,,53,Mastodon hide,1 gp,1 lb.,1,1,,53,Fleece,6 gp,1 lb.,6,1,,53,Mithral ore,90 gp,1 lb.,90,1,,53,Bolt of lace (sq. yd.),12 gp,1/2 lb.,12,0.5,,53,"Paints, common",1 sp,1 lb.,0.1,1,,53,"Beauty Aid, Common",,53,"Jewelry, copper, unusual",5 gp,1 lb.,5,1,,53,"Jewelry, gold, common",100 gp,1 lb.,100,1,,53,"Alchemical materials, unusual",1 gp,1 oz.,1,0.0625,,53,"Rugs, common",1 gp,10 lb.,1,10,,53,"Lumber, Common ",,,53,"Fir, raw",1 gp,50 lbs.,1,50,,53,"Oak, raw",10 gp,100 lbs.,10,100,,,,,,,,,
54,Cloth,,54,Farming tools,See Chart,See Chart,See Chart,See Chart,,20,"Beads, amber",1 gp,1 lb.,1,1,,8,"Glass, clear, fine",5 gp,1 lb.,5,1,,54,Sandstone,4 sp,10 lbs.,0.4,10,,54,"Quivera scrimshaw, common",25 gp,1/2 lb.,25,0.5,,54,"Animal Product, Unusual",,54,"Goat leather, fine",15 cp,1 lb.,0.15,1,,54,Mastodon hide,1 gp,1 lb.,1,1,,54,Fleece,6 gp,1 lb.,6,1,,54,Mithral ore,90 gp,1 lb.,90,1,,54,Bolt of lace (sq. yd.),12 gp,1/2 lb.,12,0.5,,54,"Paints, common",1 sp,1 lb.,0.1,1,,54,"Beauty Aid, Common",,54,"Jewelry, copper, unusual",5 gp,1 lb.,5,1,,54,"Jewelry, gold, common",100 gp,1 lb.,100,1,,54,"Alchemical materials, unusual",1 gp,1 oz.,1,0.0625,,54,"Rugs, common",1 gp,10 lb.,1,10,,54,"Lumber, Common ",,,54,"Fir, raw",1 gp,50 lbs.,1,50,,54,"Oak, raw",10 gp,100 lbs.,10,100,,,,,,,,,
55,Cloth,,55,Farming tools,See Chart,See Chart,See Chart,See Chart,,,,,,,,,9,"Glass, clear, fine",5 gp,1 lb.,5,1,,55,Sandstone,4 sp,10 lbs.,0.4,10,,55,"Quivera scrimshaw, common",25 gp,1/2 lb.,25,0.5,,55,"Animal Product, Unusual",,55,"Goat leather, fine",15 cp,1 lb.,0.15,1,,55,Mastodon hide,1 gp,1 lb.,1,1,,55,Fleece,6 gp,1 lb.,6,1,,55,Mithral ore,90 gp,1 lb.,90,1,,55,Bolt of lace (sq. yd.),12 gp,1/2 lb.,12,0.5,,55,"Paints, common",1 sp,1 lb.,0.1,1,,55,"Beauty Aid, Common",,55,"Jewelry, copper, unusual",5 gp,1 lb.,5,1,,55,"Jewelry, gold, common",100 gp,1 lb.,100,1,,55,"Alchemical materials, unusual",1 gp,1 oz.,1,0.0625,,55,"Rugs, common",1 gp,10 lb.,1,10,,55,"Lumber, Common ",,,55,"Fir, raw",1 gp,50 lbs.,1,50,,55,"Oak, sawn",25 gp,100 lbs.,25,100,,,,,,,,,
56,Cloth,,56,Glass,See Chart,See Chart,See Chart,See Chart,,d10,Beeswax,Price,Weight,Price,Weight,,10,"Glass, clear, fine",5 gp,1 lb.,5,1,,56,Sandstone,4 sp,10 lbs.,0.4,10,,56,"Quivera scrimshaw, common",25 gp,1/2 lb.,25,0.5,,56,"Animal Product, Unusual",,56,"Goat leather, fine",15 cp,1 lb.,0.15,1,,56,Mastodon hide,1 gp,1 lb.,1,1,,56,Fleece,6 gp,1 lb.,6,1,,56,Mithral ore,90 gp,1 lb.,90,1,,56,Bolt of lace (sq. yd.),12 gp,1/2 lb.,12,0.5,,56,"Paints, common",1 sp,1 lb.,0.1,1,,56,"Beauty Aid, Common",,56,"Jewelry, copper, unusual",5 gp,1 lb.,5,1,,56,"Jewelry, gold, common",100 gp,1 lb.,100,1,,56,"Alchemical materials, unusual",1 gp,1 oz.,1,0.0625,,56,"Rugs, common",1 gp,10 lb.,1,10,,56,"Lumber, Common ",,,56,"Fir, sawn",5 gp,50 lbs.,5,50,,56,"Oak, sawn",25 gp,100 lbs.,25,100,,,,,,,,,
57,Cloth,,57,Glass,See Chart,See Chart,See Chart,See Chart,,1,"Beeswax, colored",11 sp,1 lb.,1.1,1,,11,"Glass, clear, quality",7 gp,1 lb.,7,1,,57,Shale,3 gp,10 lbs.,3,10,,57,"Quivera scrimshaw, common",25 gp,1/2 lb.,25,0.5,,57,"Animal Product, Unusual",,57,"Goat leather, fine",15 cp,1 lb.,0.15,1,,57,Mastodon ivory,3 gp,1 lb.,3,1,,57,Fleece,6 gp,1 lb.,6,1,,57,Platinum ingots,500 gp,1 lb.,500,1,,57,Bolt of lace (sq. yd.),12 gp,1/2 lb.,12,0.5,,57,"Paints, common",1 sp,1 lb.,0.1,1,,57,"Beauty Aid, Common",,57,"Jewelry, copper, unusual",5 gp,1 lb.,5,1,,57,"Jewelry, gold, common",100 gp,1 lb.,100,1,,57,"Alchemical materials, unusual",1 gp,1 oz.,1,0.0625,,57,"Rugs, exotic",50 gp,10 lb.,50,10,,57,"Lumber, Common ",,,57,"Fir, sawn",5 gp,50 lbs.,5,50,,57,"Pecan, raw",13 gp,75 lbs.,13,75,,,,,,,,,
58,Cloth,,58,Grape vine,5 cp,1 lb.,0.05,1,,2,"Beeswax, colored",11 sp,1 lb.,1.1,1,,12,"Glass, clear, quality",7 gp,1 lb.,7,1,,58,Shale,3 gp,10 lbs.,3,10,,58,"Quivera scrimshaw, common",25 gp,1/2 lb.,25,0.5,,58,"Animal Product, Unusual",,58,Marten pelt,1 gp,1/2 lb.,1,0.5,,58,Mastodon ivory,3 gp,1 lb.,3,1,,58,Fleece,6 gp,1 lb.,6,1,,58,Platinum ore,300 gp,1 lb.,300,1,,58,Bolt of lace (sq. yd.),12 gp,1/2 lb.,12,0.5,,58,"Paints, common",1 sp,1 lb.,0.1,1,,58,"Beauty Aid, Common",,58,"Jewelry, Nanukit, common",25 gp,1 lb.,25,1,,58,"Jewelry, gold, common",100 gp,1 lb.,100,1,,58,"Alchemical materials, unusual",1 gp,1 oz.,1,0.0625,,58,"Rugs, exotic",50 gp,10 lb.,50,10,,58,"Lumber, Common ",,,58,"Fir, sawn",5 gp,50 lbs.,5,50,,58,"Pecan, raw",13 gp,75 lbs.,13,75,,,,,,,,,
59,Cloth,,59,Grape vine,5 cp,1 lb.,0.05,1,,3,"Beeswax, colored",11 sp,1 lb.,1.1,1,,13,"Glass, clear, quality",7 gp,1 lb.,7,1,,59,Shale,3 gp,10 lbs.,3,10,,59,"Quivera scrimshaw, common",25 gp,1/2 lb.,25,0.5,,59,"Animal Product, Unusual",,59,Marten pelt,1 gp,1/2 lb.,1,0.5,,59,Mastodon ivory,3 gp,1 lb.,3,1,,59,Fleece,6 gp,1 lb.,6,1,,59,Platinum ore,300 gp,1 lb.,300,1,,59,"Bolt of lace, fine (sq. yd.)",15 gp,1/4 lb.,15,0.25,,59,"Paints, common",1 sp,1 lb.,0.1,1,,59,"Beauty Aid, Common",,59,"Jewelry, Nanukit, common",25 gp,1 lb.,25,1,,59,"Jewelry, gold, common",100 gp,1 lb.,100,1,,59,"Alchemical materials, unusual",1 gp,1 oz.,1,0.0625,,59,"Rugs, rare",10 gp,10 lb.,10,10,,59,"Lumber, Common ",,,59,"Hemlock, raw",15 gp,45 lbs.,15,45,,59,"Pecan, sawn",22 gp,75 lbs.,22,75,,,,,,,,,
60,Cloth,,60,Grape vine,5 cp,1 lb.,0.05,1,,4,"Beeswax, common",1 gp,1 lb.,1,1,,14,"Glass, clear, quality",7 gp,1 lb.,7,1,,60,Shale,3 gp,10 lbs.,3,10,,60,"Quivera scrimshaw, rare",50 gp,1/2 lb.,50,0.5,,60,"Animal Product, Unusual",,60,Marten pelt,1 gp,1/2 lb.,1,0.5,,60,Mastodon ivory,3 gp,1 lb.,3,1,,60,Fleece,6 gp,1 lb.,6,1,,60,Platinum ore,300 gp,1 lb.,300,1,,60,"Bolt of lace, fine (sq. yd.)",15 gp,1/4 lb.,15,0.25,,60,"Paints, common",1 sp,1 lb.,0.1,1,,60,"Beauty Aid, Common",,60,"Jewelry, Nanukit, common",25 gp,1 lb.,25,1,,60,"Jewelry, gold, common",100 gp,1 lb.,100,1,,60,"Alchemical materials, unusual",1 gp,1 oz.,1,0.0625,,60,"Rugs, rare",10 gp,10 lb.,10,10,,60,"Lumber, Common ",,,60,"Hemlock, raw",15 gp,45 lbs.,15,45,,60,"Pecan, sawn",22 gp,75 lbs.,22,75,,,,,,,,,
61,Cloth,,61,Grape vine,5 cp,1 lb.,0.05,1,,5,"Beeswax, common",1 gp,1 lb.,1,1,,15,"Glass, colored, crude",5 gp,1 lb.,5,1,,61,Shale,3 gp,10 lbs.,3,10,,61,"Quivera scrimshaw, rare",50 gp,1/2 lb.,50,0.5,,61,"Animal Product, Unusual",,61,Marten pelt,1 gp,1/2 lb.,1,0.5,,61,Shark's tooth,1 cp,1 oz.,0.01,0.0625,,61,Fleece,6 gp,1 lb.,6,1,,61,Silver ingots,5 gp,1 lb.,5,1,,61,"Bolt of lace, fine (sq. yd.)",15 gp,1/4 lb.,15,0.25,,61,"Paints, common",1 sp,1 lb.,0.1,1,,61,"Beauty Aid, Common",,61,"Jewelry, Nanukit, common",25 gp,1 lb.,25,1,,61,"Jewelry, gold, common",100 gp,1 lb.,100,1,,61,"Alchemical materials, unusual",1 gp,1 oz.,1,0.0625,,61,"Rugs, rare",10 gp,10 lb.,10,10,,61,"Lumber, Common ",,,61,"Hemlock, raw",15 gp,45 lbs.,15,45,,61,"Poplar, raw",11 gp,50 lbs.,11,50,,,,,,,,,
62,Cloth,,62,Grommets,5 cp,1 lb.,0.05,1,,6,"Beeswax, common",1 gp,1 lb.,1,1,,16,"Glass, colored, crude",5 gp,1 lb.,5,1,,62,Shale,3 gp,10 lbs.,3,10,,62,"Quivera scrimshaw, rare",50 gp,1/2 lb.,50,0.5,,62,"Animal Product, Unusual",,62,Megaloceros hide,4 sp,1 lb.,0.4,1,,62,Shark's tooth,1 cp,1 oz.,0.01,0.0625,,62,Fleece,6 gp,1 lb.,6,1,,62,Silver ingots,5 gp,1 lb.,5,1,,62,Bolt of linen (sq. yd.),4 gp,1/4 lb.,4,0.25,,62,"Paints, common",1 sp,1 lb.,0.1,1,,62,"Beauty Aid, Common",,62,"Jewelry, Nanukit, masterwork",50 gp,1 lb.,50,1,,62,"Jewelry, gold, common",100 gp,1 lb.,100,1,,62,"Alchemical materials, unusual",1 gp,1 oz.,1,0.0625,,62,"Rugs, unusual",5 gp,10 lb.,5,10,,62,"Lumber, Common ",,,62,"Hemlock, sawn",25 gp,45 lbs.,25,45,,62,"Poplar, raw",11 gp,50 lbs.,11,50,,,,,,,,,
63,Cloth,,63,Grommets,5 cp,1 lb.,0.05,1,,7,"Beeswax, common",1 gp,1 lb.,1,1,,17,"Glass, colored, crude",5 gp,1 lb.,5,1,,63,Shale,3 gp,10 lbs.,3,10,,63,"Quivera scrimshaw, rare",50 gp,1/2 lb.,50,0.5,,63,"Animal Product, Unusual",,63,Megaloceros hide,4 sp,1 lb.,0.4,1,,63,Shark's tooth,1 cp,1 oz.,0.01,0.0625,,63,Fleece,6 gp,1 lb.,6,1,,63,Silver ore,3 gp,1 lb.,3,1,,63,Bolt of linen (sq. yd.),4 gp,1/4 lb.,4,0.25,,63,"Paints, common",1 sp,1 lb.,0.1,1,,63,"Beauty Aid, Common",,63,"Jewelry, Nanukit, masterwork",50 gp,1 lb.,50,1,,63,"Jewelry, gold, common",100 gp,1 lb.,100,1,,63,"Alchemical materials, unusual",1 gp,1 oz.,1,0.0625,,63,"Rugs, unusual",5 gp,10 lb.,5,10,,63,"Lumber, Common ",,,63,"Hemlock, sawn",25 gp,45 lbs.,25,45,,63,"Poplar, sawn",22 gp,50 lbs.,22,50,,,,,,,,,
64,Cloth,,64,Grommets,5 cp,1 lb.,0.05,1,,8,"Beeswax, scented",14 sp,1 lb.,1.4,1,,18,"Glass, colored, fine",7 gp,1 lb.,7,1,,64,Slate,40 gp,10 lbs.,40,10,,64,"Quivera scrimshaw, uncommon",100 gp,1/2 lb.,100,0.5,,64,"Animal Product, Unusual",,64,Mink pelt,5 gp,1/2 lb.,5,0.5,,64,Shark's tooth,1 cp,1 oz.,0.01,0.0625,,64,Fleece,6 gp,1 lb.,6,1,,64,Silver ore,3 gp,1 lb.,3,1,,64,Bolt of linen (sq. yd.),4 gp,1/4 lb.,4,0.25,,64,"Paints, common",1 sp,1 lb.,0.1,1,,64,"Beauty Aid, Common",,64,"Jewelry, silver, common",10 gp,1 lb.,10,1,,64,"Jewelry, gold, common",100 gp,1 lb.,100,1,,64,"Alchemical materials, unusual",1 gp,1 oz.,1,0.0625,,64,"Rugs, unusual",5 gp,10 lb.,5,10,,64,"Lumber, Common ",,,64,"Hemlock, sawn",25 gp,45 lbs.,25,45,,64,"Poplar, sawn",22 gp,50 lbs.,22,50,,,,,,,,,
65,Cloth,,65,Grommets,5 cp,1 lb.,0.05,1,,9,"Beeswax, scented",14 sp,1 lb.,1.4,1,,19,"Glass, colored, fine",7 gp,1 lb.,7,1,,65,Slate,40 gp,10 lbs.,40,10,,65,"Southlander glass, common",45 gp,1 lb.,45,1,,65,"Animal Product, Unusual",,65,Mink pelt,5 gp,1/2 lb.,5,0.5,,65,Smilodon hide,1 gp,1 lb.,1,1,,65,Fleece,6 gp,1 lb.,6,1,,65,Silver ore,3 gp,1 lb.,3,1,,65,Bolt of linen (sq. yd.),4 gp,1/4 lb.,4,0.25,,65,"Paints, common",1 sp,1 lb.,0.1,1,,65,"Beauty Aid, Common",,65,"Jewelry, silver, common",10 gp,1 lb.,10,1,,65,"Jewelry, gold, common",100 gp,1 lb.,100,1,,65,"Alchemical materials, unusual",1 gp,1 oz.,1,0.0625,,65,"Rugs, unusual",5 gp,10 lb.,5,10,,65,"Lumber, Common ",,,65,"Hickory, raw",1 gp,75 lbs.,1,75,,65,"Shadowtop, raw",30 gp,50 lbs.,30,50,,,,,,,,,
66,Cloth,,66,Grommets,5 cp,1 lb.,0.05,1,,10,"Beeswax, scented and colored",16 sp,1 lb.,1.6,1,,20,"Glass, colored, quality",8 gp,1 lb.,8,1,,66,Slate,40 gp,10 lbs.,40,10,,66,"Southlander glass, common",45 gp,1 lb.,45,1,,66,"Animal Product, Unusual",,66,Mink pelt,5 gp,1/2 lb.,5,0.5,,66,Smilodon hide,1 gp,1 lb.,1,1,,66,Lambskin,12 gp,1 lb.,12,1,,66,Silver ore,3 gp,1 lb.,3,1,,66,"Bolt of linen, fine (sq. yd.)",45 sp,1/4 lb.,4.5,0.25,,66,"Paints, common",1 sp,1 lb.,0.1,1,,66,"Beauty Aid, Common",,66,"Jewelry, silver, common",10 gp,1 lb.,10,1,,66,"Jewelry, gold, common",100 gp,1 lb.,100,1,,66,"Alchemical materials, unusual",1 gp,1 oz.,1,0.0625,,66,"Rugs, unusual",5 gp,10 lb.,5,10,,66,"Lumber, Common ",,,66,"Hickory, raw",1 gp,75 lbs.,1,75,,66,"Shadowtop, raw",30 gp,50 lbs.,30,50,,,,,,,,,
67,Cloth,,67,Household tools,See Chart,See Chart,See Chart,See Chart,,,,,,,,,,,,,,,,67,Soapstone,2 gp,10 lbs.,2,10,,67,"Southlander glass, common",45 gp,1 lb.,45,1,,67,"Animal Product, Unusual",,67,Mink pelt,5 gp,1/2 lb.,5,0.5,,67,Smilodon hide,1 gp,1 lb.,1,1,,67,Lambskin,12 gp,1 lb.,12,1,,67,Silver ore,3 gp,1 lb.,3,1,,67,"Bolt of linen, fine (sq. yd.)",45 sp,1/4 lb.,4.5,0.25,,67,"Paints, common",1 sp,1 lb.,0.1,1,,67,"Beauty Aid, Common",,67,"Jewelry, silver, common",10 gp,1 lb.,10,1,,67,"Jewelry, gold, common",100 gp,1 lb.,100,1,,67,"Alchemical materials, unusual",1 gp,1 oz.,1,0.0625,,67,"Tapestries, common",5 gp,5 lb.,5,5,,67,"Lumber, Common ",,,67,"Hickory, raw",1 gp,75 lbs.,1,75,,67,"Shadowtop, raw",30 gp,50 lbs.,30,50,,,,,,,,,
68,Cloth,,68,Household tools,See Chart,See Chart,See Chart,See Chart,,d20,Buttons,Price,Weight,Price,Weight,,d10,Household tools,Price,Weight,Price,Weight,,68,Soapstone,2 gp,10 lbs.,2,10,,68,"Southlander glass, common",45 gp,1 lb.,45,1,,68,"Animal Product, Unusual",,68,Moose hide,25 sp,1 lb.,2.5,1,,68,Smilodon hide,1 gp,1 lb.,1,1,,68,Lambskin,12 gp,1 lb.,12,1,,68,Silver ore,3 gp,1 lb.,3,1,,68,Bolt of satin (sq. yd.),15 gp,1 oz.,15,0.0625,,68,"Paints, common",1 sp,1 lb.,0.1,1,,68,"Beauty Aid, Common",,68,"Jewelry, silver, common",10 gp,1 lb.,10,1,,68,"Jewelry, gold, common",100 gp,1 lb.,100,1,,68,"Alchemical materials, unusual",1 gp,1 oz.,1,0.0625,,68,"Tapestries, common",5 gp,5 lb.,5,5,,68,"Lumber, Common ",,,68,"Hickory, sawn",5 gp,75 lbs.,5,75,,68,"Shadowtop, raw",30 gp,50 lbs.,30,50,,,,,,,,,
69,Coloring,,69,Household tools,See Chart,See Chart,See Chart,See Chart,,1,"Buttons, bone",2 cp,1 lb.,0.02,1,,1,"Household tools, common",25 cp,1 lb.,0.25,1,,69,Soapstone,2 gp,10 lbs.,2,10,,69,"Southlander glass, common",45 gp,1 lb.,45,1,,69,"Animal Product, Unusual",,69,Moose hide,25 sp,1 lb.,2.5,1,,69,Snow leopard hide,5 sp,1 lb.,0.5,1,,69,Lambskin,12 gp,1 lb.,12,1,,69,Steel ingots,1 gp,1 lb.,1,1,,69,Bolt of silk (sq. yd.),10 gp,1 oz.,10,0.0625,,69,"Paints, common",1 sp,1 lb.,0.1,1,,69,"Beauty Aid, Common",,69,"Jewelry, silver, common",10 gp,1 lb.,10,1,,69,"Jewelry, gold, common",100 gp,1 lb.,100,1,,69,"Alchemical materials, unusual",1 gp,1 oz.,1,0.0625,,69,"Tapestries, common",5 gp,5 lb.,5,5,,69,"Lumber, Common ",,,69,"Hickory, sawn",5 gp,75 lbs.,5,75,,69,"Shadowtop, raw",30 gp,50 lbs.,30,50,,,,,,,,,
70,Coloring,,70,Household tools,See Chart,See Chart,See Chart,See Chart,,2,"Buttons, bone",2 cp,1 lb.,0.02,1,,2,"Household tools, common",25 cp,1 lb.,0.25,1,,70,Soapstone,2 gp,10 lbs.,2,10,,70,"Southlander glass, rare",130 gp,1 lb.,130,1,,70,"Animal Product, Unusual",,70,Moose hide,25 sp,1 lb.,2.5,1,,70,Snow leopard hide,5 sp,1 lb.,0.5,1,,70,Lambskin,12 gp,1 lb.,12,1,,70,Steel ingots,1 gp,1 lb.,1,1,,70,Bolt of silk gauze (sq. yd.),8 gp,1 oz.,8,0.0625,,70,"Paints, common",1 sp,1 lb.,0.1,1,,70,"Beauty Aid, Common",,70,"Jewelry, silver, common",10 gp,1 lb.,10,1,,70,"Jewelry, gold, common",100 gp,1 lb.,100,1,,70,"Alchemical materials, unusual",1 gp,1 oz.,1,0.0625,,70,"Tapestries, common",5 gp,5 lb.,5,5,,70,"Lumber, Common ",,,70,"Hickory, sawn",5 gp,75 lbs.,5,75,,70,"Shadowtop, sawn",50 gp,50 lbs.,50,50,,,,,,,,,
71,Coloring,,71,Household tools,See Chart,See Chart,See Chart,See Chart,,3,"Buttons, bone",2 cp,1 lb.,0.02,1,,3,"Household tools, common",25 cp,1 lb.,0.25,1,,71,Soapstone,2 gp,10 lbs.,2,10,,71,"Southlander glass, unusual",80 gp,1 lb.,80,1,,71,"Animal Product, Unusual",,71,Otter pelt,5 sp,1 lb.,0.5,1,,71,Snow leopard hide,5 sp,1 lb.,0.5,1,,71,Lambskin,12 gp,1 lb.,12,1,,71,Steel ingots,1 gp,1 lb.,1,1,,71,Bolt of velvet (sq. yd.),5 gp,1 lb.,5,1,,71,"Paints, common",1 sp,1 lb.,0.1,1,,71,"Beauty Aid, Common",,71,"Jewelry, silver, unusual",50 gp,1 lb.,50,1,,71,"Jewelry, gold, common",100 gp,1 lb.,100,1,,71,"Alchemical materials, unusual",1 gp,1 oz.,1,0.0625,,71,"Tapestries, common",5 gp,5 lb.,5,5,,71,"Lumber, Common ",,,71,"Juniper, raw",14 sp,50 lbs.,1.4,50,,71,"Shadowtop, sawn",50 gp,50 lbs.,50,50,,,,,,,,,
72,Coloring,,72,Household tools,See Chart,See Chart,See Chart,See Chart,,4,"Buttons, bone",2 cp,1 lb.,0.02,1,,4,"Household tools, common",25 cp,1 lb.,0.25,1,,72,Soapstone,2 gp,10 lbs.,2,10,,72,"Southlander glass, unusual",80 gp,1 lb.,80,1,,72,"Animal Product, Unusual",,72,Otter pelt,5 sp,1 lb.,0.5,1,,72,Snow leopard hide,5 sp,1 lb.,0.5,1,,72,Lambskin,12 gp,1 lb.,12,1,,72,Steel ingots,1 gp,1 lb.,1,1,,72,Bolt of wool cloth (sq. yd.),2 gp,1 lb.,2,1,,72,"Paints, common",1 sp,1 lb.,0.1,1,,72,"Beauty Aid, Common",,72,"Jewelry, silver, unusual",50 gp,1 lb.,50,1,,72,"Jewelry, gold, common",100 gp,1 lb.,100,1,,72,"Alchemical materials, unusual",1 gp,1 oz.,1,0.0625,,72,"Tapestries, common",5 gp,5 lb.,5,5,,72,"Lumber, Common ",,,72,"Juniper, raw",14 sp,50 lbs.,1.4,50,,72,"Shadowtop, sawn",50 gp,50 lbs.,50,50,,,,,,,,,
73,Coloring,,73,Household tools,See Chart,See Chart,See Chart,See Chart,,5,"Buttons, bone",2 cp,1 lb.,0.02,1,,5,"Household tools, common",25 cp,1 lb.,0.25,1,,73,Soapstone,2 gp,10 lbs.,2,10,,73,"Southlander glass, unusual",80 gp,1 lb.,80,1,,73,"Animal Product, Unusual",,73,Otter pelt,5 sp,1 lb.,0.5,1,,73,Snowy tiger hide,6 sp,1 lb.,0.6,1,,73,Lambskin,12 gp,1 lb.,12,1,,73,Steel ingots,1 gp,1 lb.,1,1,,73,Bolt of wool cloth (sq. yd.),2 gp,1 lb.,2,1,,73,"Paints, common",1 sp,1 lb.,0.1,1,,73,"Beauty Aid, Common",,73,"Perfumes, common",1 sp,1 oz.,0.1,0.0625,,73,"Jewelry, gold, common",100 gp,1 lb.,100,1,,73,"Alchemical materials, unusual",1 gp,1 oz.,1,0.0625,,73,"Tapestries, common",5 gp,5 lb.,5,5,,73,"Lumber, Common ",,,73,"Juniper, raw",14 sp,50 lbs.,1.4,50,,73,"Shadowtop, sawn",50 gp,50 lbs.,50,50,,,,,,,,,
74,Beauty Aid,,74,Household tools,See Chart,See Chart,See Chart,See Chart,,6,"Buttons, brass",5 cp,1 lb.,0.05,1,,6,"Household tools, common",25 cp,1 lb.,0.25,1,,74,"Stone, masoned, quality",12 cp,50 lbs.,0.12,50,,74,"Statuary, common",25 gp,5 lbs.,25,5,,74,"Animal Product, Unusual",,74,Otter pelt,5 sp,1 lb.,0.5,1,,74,Snowy tiger hide,6 sp,1 lb.,0.6,1,,74,Lambskin,12 gp,1 lb.,12,1,,74,"Steel ingots, masterwork",5 gp,1 lb.,5,1,,74,Bolt of wool cloth (sq. yd.),2 gp,1 lb.,2,1,,74,"Paints, common",1 sp,1 lb.,0.1,1,,74,"Beauty Aid, Common",,74,"Perfumes, common",1 sp,1 oz.,0.1,0.0625,,74,"Jewelry, gold, common",100 gp,1 lb.,100,1,,74,"Alchemical materials, unusual",1 gp,1 oz.,1,0.0625,,74,"Tapestries, common",5 gp,5 lb.,5,5,,74,"Lumber, Common ",,,74,"Juniper, sawn",7 gp,50 lbs.,7,50,,74,"Shadowtop, sawn",50 gp,50 lbs.,50,50,,,,,,,,,
75,Beauty Aid,,75,Lye,4 cp,1 lb.,0.04,1,,7,"Buttons, brass",5 cp,1 lb.,0.05,1,,7,"Household tools, masterwork",5 sp,1 lb.,0.5,1,,75,"Stone, masoned, quality",12 cp,50 lbs.,0.12,50,,75,"Statuary, common",25 gp,5 lbs.,25,5,,75,"Animal Product, Unusual",,75,Pigskin,3 sp,1 lb.,0.3,1,,75,Snowy tiger hide,6 sp,1 lb.,0.6,1,,75,Lambskin,12 gp,1 lb.,12,1,,75,"Steel ingots, masterwork",5 gp,1 lb.,5,1,,75,Bolt of wool cloth (sq. yd.),2 gp,1 lb.,2,1,,75,"Paints, common",1 sp,1 lb.,0.1,1,,75,"Beauty Aid, Common",,75,"Perfumes, common",1 sp,1 oz.,0.1,0.0625,,75,"Jewelry, gold, common",100 gp,1 lb.,100,1,,75,"Alchemical materials, unusual",1 gp,1 oz.,1,0.0625,,75,"Tapestries, common",5 gp,5 lb.,5,5,,75,"Lumber, Rare",,,75,"Juniper, sawn",7 gp,50 lbs.,7,50,,75,"Sycamore, raw",12 gp,75 lbs.,12,75,,,,,,,,,
76,Beauty Aid,,76,Lye,4 cp,1 lb.,0.04,1,,8,"Buttons, brass",5 cp,1 lb.,0.05,1,,8,"Household tools, masterwork",5 sp,1 lb.,0.5,1,,76,"Stone, masoned, quality",12 cp,50 lbs.,0.12,50,,76,"Statuary, common",25 gp,5 lbs.,25,5,,76,"Animal Product, Unusual",,76,Pigskin,3 sp,1 lb.,0.3,1,,76,Snowy tiger hide,6 sp,1 lb.,0.6,1,,76,Lambskin,12 gp,1 lb.,12,1,,76,"Steel ingots, masterwork",5 gp,1 lb.,5,1,,76,Bolt of wool cloth (sq. yd.),2 gp,1 lb.,2,1,,76,"Paints, exotic",26 gp,1 lb.,26,1,,76,"Beauty Aid, Common",,76,"Perfumes, common",1 sp,1 oz.,0.1,0.0625,,76,"Jewelry, silver, rare",100 gp,1 lb.,100,1,,76,"Alchemical materials, unusual",1 gp,1 oz.,1,0.0625,,76,"Tapestries, exotic",200 gp,5 lb.,200,5,,76,"Lumber, Rare",,,76,"Juniper, sawn",7 gp,50 lbs.,7,50,,76,"Sycamore, raw",12 gp,75 lbs.,12,75,,,,,,,,,
77,Beauty Aid,,77,Lye,4 cp,1 lb.,0.04,1,,9,"Buttons, brass",5 cp,1 lb.,0.05,1,,9,"Household tools, masterwork",5 sp,1 lb.,0.5,1,,77,"Stone, masoned, quality",12 cp,50 lbs.,0.12,50,,77,"Statuary, common",25 gp,5 lbs.,25,5,,77,"Animal Product, Unusual",,77,Pigskin,3 sp,1 lb.,0.3,1,,77,Walrus hide,25 sp,1 lb.,2.5,1,,77,Lambskin,12 gp,1 lb.,12,1,,77,Tin ingots,2 sp,1 lb.,0.2,1,,77,Bolt of wool cloth (sq. yd.),2 gp,1 lb.,2,1,,77,"Paints, exotic",26 gp,1 lb.,26,1,,77,"Beauty Aid, Common",,77,"Perfumes, common",1 sp,1 oz.,0.1,0.0625,,77,"Jewelry, silver, rare",100 gp,1 lb.,100,1,,77,"Arcane materials, common",30 gp,1 oz.,30,0.0625,,77,"Tapestries, rare",50 gp,5 lb.,50,5,,77,"Lumber, Rare",,,77,"Larch, raw",10 gp,50 lbs.,10,50,,77,"Sycamore, sawn",18 gp,75 lbs.,18,75,,,,,,,,,
78,Beauty Aid,,78,Lye,4 cp,1 lb.,0.04,1,,10,"Buttons, hook and eye",3 cp,1 lb.,0.03,1,,10,"Household tools, masterwork",5 sp,1 lb.,0.5,1,,78,"Stone, masoned, quality",12 cp,50 lbs.,0.12,50,,78,"Statuary, common",25 gp,5 lbs.,25,5,,78,"Animal Product, Unusual",,78,Pigskin,3 sp,1 lb.,0.3,1,,78,Walrus hide,25 sp,1 lb.,2.5,1,,78,Lambskin,12 gp,1 lb.,12,1,,78,Tin ingots,2 sp,1 lb.,0.2,1,,78,Bolt of wool cloth (sq. yd.),2 gp,1 lb.,2,1,,78,"Paints, rare",11 gp,1 lb.,11,1,,78,"Beauty Aid, Common",,78,"Perfumes, common",1 sp,1 oz.,0.1,0.0625,,78,"Jewelry, silver, rare",100 gp,1 lb.,100,1,,78,"Arcane materials, common",30 gp,1 oz.,30,0.0625,,78,"Tapestries, rare",50 gp,5 lb.,50,5,,78,"Lumber, Rare",,,78,"Larch, raw",10 gp,50 lbs.,10,50,,78,"Sycamore, sawn",18 gp,75 lbs.,18,75,,,,,,,,,
79,Laboratory Supplies,,79,Nails,4 sp,1 lb.,0.4,1,,11,"Buttons, hook and eye",3 cp,1 lb.,0.03,1,,,,,,,,,79,"Stone, masoned, quality",12 cp,50 lbs.,0.12,50,,79,"Statuary, rare",100 gp,5 lbs.,100,5,,79,"Animal Product, Unusual",,79,Pigskin,3 sp,1 lb.,0.3,1,,79,Walrus hide,25 sp,1 lb.,2.5,1,,79,Lambskin,12 gp,1 lb.,12,1,,79,Tin ore,12 cp,1 lb.,0.12,1,,79,Bolt of wool cloth (sq. yd.),2 gp,1 lb.,2,1,,79,"Paints, rare",11 gp,1 lb.,11,1,,79,"Beauty Aid, Common",,79,"Perfumes, common",1 sp,1 oz.,0.1,0.0625,,79,"Jewelry, silver, rare",100 gp,1 lb.,100,1,,79,"Arcane materials, common",30 gp,1 oz.,30,0.0625,,79,"Tapestries, unusual",10 gp,5 lb.,10,5,,79,"Lumber, Rare",,,79,"Larch, raw",10 gp,50 lbs.,10,50,,79,"Teak, raw",42 gp,75 lbs.,42,75,,,,,,,,,
80,Laboratory Supplies,,80,Nails,4 sp,1 lb.,0.4,1,,12,"Buttons, hook and eye",3 cp,1 lb.,0.03,1,,d20,Thread,Price,Weight,Price,Weight,,80,"Stone, masoned, quality",12 cp,50 lbs.,0.12,50,,80,"Statuary, unusual",50 gp,5 lbs.,50,5,,80,"Animal Product, Unusual",,80,"Quill, porcupine (10)",4 cp,1 oz.,0.04,0.0625,,80,Walrus ivory,3 gp,1 lb.,3,1,,80,Lambskin,12 gp,1 lb.,12,1,,80,Tin ore,12 cp,1 lb.,0.12,1,,80,Bolt of wool cloth (sq. yd.),2 gp,1 lb.,2,1,,80,"Paints, rare",11 gp,1 lb.,11,1,,80,"Beauty Aid, Common",,80,"Perfumes, common",1 sp,1 oz.,0.1,0.0625,,80,"Jewelry, silver, rare",100 gp,1 lb.,100,1,,80,"Arcane materials, common",30 gp,1 oz.,30,0.0625,,80,"Tapestries, unusual",10 gp,5 lb.,10,5,,80,"Lumber, Rare",,,80,"Larch, sawn",15 gp,50 lbs.,15,50,,80,"Teak, raw",42 gp,75 lbs.,42,75,,,,,,,,,
81,Houseware,,81,Nails,4 sp,1 lb.,0.4,1,,13,"Buttons, hook and eye",3 cp,1 lb.,0.03,1,,1,"Thread, common, 400 yds.",1 gp,1 lb.,1,1,,81,"Stone, masoned, quality",12 cp,50 lbs.,0.12,50,,81,"Statuary, unusual",50 gp,5 lbs.,50,5,,81,"Animal Product, Rare",,81,"Quill, porcupine (10)",4 cp,1 oz.,0.04,0.0625,,81,Walrus ivory,3 gp,1 lb.,3,1,,81,Winter wolf pelt,15 sp,1 lb.,1.5,1,,81,Tin ore,12 cp,1 lb.,0.12,1,,81,Bolt of wool cloth (sq. yd.),2 gp,1 lb.,2,1,,81,"Paints, rare",11 gp,1 lb.,11,1,,81,"Beauty Aid, Common",,81,"Perfumes, common",1 sp,1 oz.,0.1,0.0625,,81,"Jewelry, silver, rare",100 gp,1 lb.,100,1,,81,"Arcane materials, common",30 gp,1 oz.,30,0.0625,,81,"Tapestries, unusual",10 gp,5 lb.,10,5,,81,"Lumber, Rare",,,81,"Larch, sawn",15 gp,50 lbs.,15,50,,81,"Teak, sawn",50 gp,75 lbs.,50,75,,,,,,,,,
82,Houseware,,82,Needles,30 gp,1/2 lb.,30,0.5,,14,"Buttons, wooden",5 cp,1 lb.,0.05,1,,2,"Thread, common, 400 yds.",1 gp,1 lb.,1,1,,82,"Stone, masoned, quality",12 cp,50 lbs.,0.12,50,,82,"Statuary, unusual",50 gp,5 lbs.,50,5,,82,"Animal Product, Rare",,82,"Quill, porcupine (10)",4 cp,1 oz.,0.04,0.0625,,82,Walrus ivory,3 gp,1 lb.,3,1,,82,Winter wolf pelt,15 sp,1 lb.,1.5,1,,82,Tin ore,12 cp,1 lb.,0.12,1,,82,Bolt of wool cloth (sq. yd.),2 gp,1 lb.,2,1,,82,"Paints, rare",11 gp,1 lb.,11,1,,82,"Beauty Aid, Common",,82,"Perfumes, common",1 sp,1 oz.,0.1,0.0625,,82,"Jewelry, silver, rare",100 gp,1 lb.,100,1,,82,"Arcane materials, common",30 gp,1 oz.,30,0.0625,,82,"Wooden dishes, common",5 cp,5 lb.,0.05,5,,82,"Lumber, Rare",,,82,"Larch, sawn",15 gp,50 lbs.,15,50,,82,"Teak, sawn",50 gp,75 lbs.,50,75,,,,,,,,,
83,Houseware,,83,Needles,30 gp,1/2 lb.,30,0.5,,15,"Buttons, wooden",5 cp,1 lb.,0.05,1,,3,"Thread, common, 400 yds.",1 gp,1 lb.,1,1,,83,"Stone, masoned, quality",12 cp,50 lbs.,0.12,50,,83,"Statuary, unusual",50 gp,5 lbs.,50,5,,83,"Animal Product, Rare",,83,"Quill, porcupine (10)",4 cp,1 oz.,0.04,0.0625,,83,Walrus ivory,3 gp,1 lb.,3,1,,83,Winter wolf pelt,15 sp,1 lb.,1.5,1,,83,Tin ore,12 cp,1 lb.,0.12,1,,83,Bolt of wool cloth (sq. yd.),2 gp,1 lb.,2,1,,83,"Paints, rare",11 gp,1 lb.,11,1,,83,"Beauty Aid, Common",,83,"Perfumes, common",1 sp,1 oz.,0.1,0.0625,,83,"Jewelry, silver, rare",100 gp,1 lb.,100,1,,83,"Arcane materials, common",30 gp,1 oz.,30,0.0625,,83,"Wooden dishes, common",5 cp,5 lb.,0.05,5,,83,"Lumber, Rare",,,83,"Pine, raw",1 gp,50 lbs.,1,50,,83,"Walnut, raw",12 gp,75 lbs.,12,75,,,,,,,,,
84,Houseware,,84,Needles,30 gp,1/2 lb.,30,0.5,,16,"Buttons, wooden",5 cp,1 lb.,0.05,1,,4,"Thread, common, 400 yds.",1 gp,1 lb.,1,1,,84,"Stone, masoned, quality",12 cp,50 lbs.,0.12,50,,84,"Strythland statuary, common",25 gp,5 lbs.,25,5,,84,"Animal Product, Rare",,84,Rabbit hide,12 cp,1/4 lb.,0.12,0.25,,84,Walrus ivory,3 gp,1 lb.,3,1,,84,Winter wolf pelt,15 sp,1 lb.,1.5,1,,84,Tin ore,12 cp,1 lb.,0.12,1,,84,Bolt of wool cloth (sq. yd.),2 gp,1 lb.,2,1,,84,"Paints, rare",11 gp,1 lb.,11,1,,84,"Beauty Aid, Common",,84,"Perfumes, common",1 sp,1 oz.,0.1,0.0625,,84,"Jewelry, silver, rare",100 gp,1 lb.,100,1,,84,"Arcane materials, common",30 gp,1 oz.,30,0.0625,,84,"Wooden dishes, common",5 cp,5 lb.,0.05,5,,84,"Lumber, Rare",,,84,"Pine, raw",1 gp,50 lbs.,1,50,,84,"Walnut, raw",12 gp,75 lbs.,12,75,,,,,,,,,
85,Houseware,,85,"Oil, cedar",2 gp,4 lb.,2,4,,17,"Buttons, wooden",5 cp,1 lb.,0.05,1,,5,"Thread, common, 400 yds.",1 gp,1 lb.,1,1,,85,"Stone, masoned, simple",1 sp,50 lbs.,0.1,50,,85,"Strythland statuary, common",25 gp,5 lbs.,25,5,,85,"Animal Product, Rare",,85,Rabbit hide,12 cp,1/4 lb.,0.12,0.25,,85,Whale hide,2 sp,1 lb.,0.2,1,,85,Winter wolf pelt,15 sp,1 lb.,1.5,1,,85,Tungsten ingots,4 sp,1 lb.,0.4,1,,85,Bolt of wool cloth (sq. yd.),2 gp,1 lb.,2,1,,85,"Paints, rare",11 gp,1 lb.,11,1,,85,"Beauty Aid, Common",,85,"Perfumes, common",1 sp,1 oz.,0.1,0.0625,,85,"Jewelry, silver, rare",100 gp,1 lb.,100,1,,85,"Arcane materials, common",30 gp,1 oz.,30,0.0625,,85,"Wooden dishes, common",5 cp,5 lb.,0.05,5,,85,"Lumber, Rare",,,85,"Pine, raw",1 gp,50 lbs.,1,50,,85,"Walnut, raw",12 gp,75 lbs.,12,75,,,,,,,,,
86,Houseware,,86,"Oil, cedar",2 gp,4 lb.,2,4,,18,"Buttons, ivory",3 sp,1 lb.,0.3,1,,6,"Thread, common, 400 yds.",1 gp,1 lb.,1,1,,86,"Stone, masoned, simple",1 sp,50 lbs.,0.1,50,,86,"Strythland statuary, common",25 gp,5 lbs.,25,5,,86,"Animal Product, Rare",,86,Rabbit hide,12 cp,1/4 lb.,0.12,0.25,,86,Whale hide,2 sp,1 lb.,0.2,1,,86,Winter wolf pelt,15 sp,1 lb.,1.5,1,,86,Tungsten ingots,4 sp,1 lb.,0.4,1,,86,Bolt of wool cloth (sq. yd.),2 gp,1 lb.,2,1,,86,"Paints, rare",11 gp,1 lb.,11,1,,86,"Beauty Aid, Common",,86,"Perfumes, exotic",50 gp,1 oz.,50,0.0625,,86,"Jewelry, silver, rare",100 gp,1 lb.,100,1,,86,"Arcane materials, common",30 gp,1 oz.,30,0.0625,,86,"Wooden dishes, common",5 cp,5 lb.,0.05,5,,86,"Lumber, Rare",,,86,"Pine, sawn",5 gp,50 lbs.,5,50,,86,"Walnut, raw",12 gp,75 lbs.,12,75,,,,,,,,,
87,Houseware,,87,"Oil, cedar",2 gp,4 lb.,2,4,,19,"Buttons, ivory",3 sp,1 lb.,0.3,1,,7,"Thread, exotic, 400 yds.",10 gp,1 lb.,10,1,,87,"Stone, masoned, simple",1 sp,50 lbs.,0.1,50,,87,"Strythland statuary, common",25 gp,5 lbs.,25,5,,87,"Animal Product, Rare",,87,Rabbit hide,12 cp,1/4 lb.,0.12,0.25,,87,Whale hide,2 sp,1 lb.,0.2,1,,87,Winter wolf pelt,15 sp,1 lb.,1.5,1,,87,Tungsten ore,24 cp,1 lb.,0.24,1,,87,"Bolt of wool cloth, fine (sq. yd.)",25 sp,1 lb.,2.5,1,,87,"Paints, rare",11 gp,1 lb.,11,1,,87,"Beauty Aid, Common",,87,"Perfumes, exotic",50 gp,1 oz.,50,0.0625,,87,"Jewelry, silver, rare",100 gp,1 lb.,100,1,,87,"Arcane materials, common",30 gp,1 oz.,30,0.0625,,87,"Wooden dishes, common",5 cp,5 lb.,0.05,5,,87,"Lumber, Rare",,,87,"Pine, sawn",5 gp,50 lbs.,5,50,,87,"Walnut, raw",12 gp,75 lbs.,12,75,,,,,,,,,
88,Houseware,,88,"Oil, hickory",1 gp,4 lb.,1,4,,20,"Buttons, pearl",1 gp,1 lb.,1,1,,8,"Thread, rare, 400 yds.",5 gp,1 lb.,5,1,,88,"Stone, masoned, simple",1 sp,50 lbs.,0.1,50,,88,"Strythland statuary, common",25 gp,5 lbs.,25,5,,88,"Animal Product, Rare",,88,Rabbit hide,12 cp,1/4 lb.,0.12,0.25,,88,Whale hide,2 sp,1 lb.,0.2,1,,88,Winter wolf pelt,15 sp,1 lb.,1.5,1,,88,Tungsten ore,24 cp,1 lb.,0.24,1,,88,"Bolt of wool cloth, fine (sq. yd.)",25 sp,1 lb.,2.5,1,,88,"Paints, rare",11 gp,1 lb.,11,1,,88,"Beauty Aid, Common",,88,"Perfumes, rare",25 gp,1 oz.,25,0.0625,,88,"Jewelry, silver, rare",100 gp,1 lb.,100,1,,88,"Arcane materials, common",30 gp,1 oz.,30,0.0625,,88,"Wooden dishes, common",5 cp,5 lb.,0.05,5,,88,"Lumber, Rare",,,88,"Pine, sawn",5 gp,50 lbs.,5,50,,88,"Walnut, sawn",21 gp,75 lbs.,21,75,,,,,,,,,
89,Houseware,,89,"Oil, hickory",1 gp,4 lb.,1,4,,,,,,,,,9,"Thread, rare, 400 yds.",5 gp,1 lb.,5,1,,89,"Stone, masoned, simple",1 sp,50 lbs.,0.1,50,,89,"Strythland statuary, rare",50 gp,5 lbs.,50,5,,89,"Animal Product, Rare",,89,Sealskin,2 gp,1 lb.,2,1,,89,Whale ivory,4 gp,1 lb.,4,1,,89,Winter wolf pelt,15 sp,1 lb.,1.5,1,,89,Tungsten ore,24 cp,1 lb.,0.24,1,,89,"Bolt of wool cloth, fine (sq. yd.)",25 sp,1 lb.,2.5,1,,89,"Paints, rare",11 gp,1 lb.,11,1,,89,"Beauty Aid, Common",,89,"Perfumes, rare",25 gp,1 oz.,25,0.0625,,89,"Jewelry, silver, rare",100 gp,1 lb.,100,1,,89,"Arcane materials, common",30 gp,1 oz.,30,0.0625,,89,"Wooden dishes, common",5 cp,5 lb.,0.05,5,,89,"Lumber, Rare",,,89,"Redwood, raw",18 sp,50 lbs.,1.8,50,,89,"Walnut, sawn",21 gp,75 lbs.,21,75,,,,,,,,,
90,Houseware,,90,"Oil, hickory",1 gp,4 lb.,1,4,,d10,Cask of tea leaves,Price,Weight,Price,Weight,,10,"Thread, rare, 400 yds.",5 gp,1 lb.,5,1,,90,"Stone, masoned, simple",1 sp,50 lbs.,0.1,50,,90,"Strythland statuary, rare",50 gp,5 lbs.,50,5,,90,"Animal Product, Rare",,90,Sealskin,2 gp,1 lb.,2,1,,90,Whale ivory,4 gp,1 lb.,4,1,,90,Winter wolf pelt,15 sp,1 lb.,1.5,1,,90,Tungsten ore,24 cp,1 lb.,0.24,1,,90,"Bolt of wool cloth, fine (sq. yd.)",25 sp,1 lb.,2.5,1,,90,"Paints, rare",11 gp,1 lb.,11,1,,90,"Beauty Aid, Common",,90,"Perfumes, rare",25 gp,1 oz.,25,0.0625,,90,"Jewelry, silver, rare",100 gp,1 lb.,100,1,,90,"Arcane materials, common",30 gp,1 oz.,30,0.0625,,90,"Wooden dishes, common",5 cp,5 lb.,0.05,5,,90,"Lumber, Rare",,,90,"Redwood, raw",18 sp,50 lbs.,1.8,50,,90,"Walnut, sawn",21 gp,75 lbs.,21,75,,,,,,,,,
91,Houseware,,91,Petrified wood,3 gp,1 lb.,3,1,,1,"Cask of tea leaves, cheap",2 sp,1 lb.,0.2,1,,11,"Thread, unusual, 400 yds.",2 gp,1 lb.,2,1,,91,"Stone, masoned, simple",1 sp,50 lbs.,0.1,50,,91,"Strythland statuary, rare",50 gp,5 lbs.,50,5,,91,"Animal Product, Rare",,91,Sealskin,2 gp,1 lb.,2,1,,91,Whale ivory,4 gp,1 lb.,4,1,,91,Winter wolf pelt,15 sp,1 lb.,1.5,1,,91,Tungsten ore,24 cp,1 lb.,0.24,1,,91,"Bolt of wool cloth, fine (sq. yd.)",25 sp,1 lb.,2.5,1,,91,"Paints, unusual",2 gp,1 lb.,2,1,,91,"Beauty Aid, Rare",,91,"Perfumes, rare",25 gp,1 oz.,25,0.0625,,91,"Jewelry, silver, rare",100 gp,1 lb.,100,1,,91,"Arcane materials, common",30 gp,1 oz.,30,0.0625,,91,"Wooden dishes, common",5 cp,5 lb.,0.05,5,,91,"Lumber, Rare",,,91,"Redwood, raw",18 sp,50 lbs.,1.8,50,,91,"Walnut, sawn",21 gp,75 lbs.,21,75,,,,,,,,,
92,Houseware,,92,Potash,2 sp,1 lb.,0.2,1,,2,"Cask of tea leaves, cheap",2 sp,1 lb.,0.2,1,,12,"Thread, unusual, 400 yds.",2 gp,1 lb.,2,1,,92,"Stone, masoned, simple",1 sp,50 lbs.,0.1,50,,92,"Strythland statuary, rare",50 gp,5 lbs.,50,5,,92,"Animal Product, Rare",,92,Squirrel pelt,1 cp,3 lb.,0.01,3,,92,Whale ivory,4 gp,1 lb.,4,1,,92,Winter wolf pelt,15 sp,1 lb.,1.5,1,,92,Tungsten ore,24 cp,1 lb.,0.24,1,,92,"Bolt of wool cloth, fine (sq. yd.)",25 sp,1 lb.,2.5,1,,92,"Paints, unusual",2 gp,1 lb.,2,1,,92,"Beauty Aid, Rare",,92,"Perfumes, unusual",2 gp,1 oz.,2,0.0625,,92,"Jewelry, silver, rare",100 gp,1 lb.,100,1,,92,"Arcane materials, common",30 gp,1 oz.,30,0.0625,,92,"Wooden dishes, fine",5 sp,5 lb.,0.5,5,,92,"Lumber, Rare",,,92,"Redwood, sawn",9 gp,50 lbs.,9,50,,92,"Walnut, sawn",21 gp,75 lbs.,21,75,,,,,,,,,
93,Houseware,,93,Tacks,3 sp,1 lb.,0.3,1,,3,"Cask of tea leaves, cheap",2 sp,1 lb.,0.2,1,,13,"Thread, unusual, 400 yds.",2 gp,1 lb.,2,1,,93,"Stone, masoned, simple",1 sp,50 lbs.,0.1,50,,93,"Strythland statuary, uncommon",100 gp,5 lbs.,100,5,,93,"Animal Product, Rare",,93,Squirrel pelt,1 cp,3 lb.,0.01,3,,93,Wolf pelt,4 sp,1 lb.,0.4,1,,93,Winter wolf pelt,15 sp,1 lb.,1.5,1,,93,Zinc ingots,5 sp,1 lb.,0.5,1,,93,"Bolt of wool cloth, fine (sq. yd.)",25 sp,1 lb.,2.5,1,,93,"Paints, unusual",2 gp,1 lb.,2,1,,93,"Beauty Aid, Rare",,93,"Perfumes, unusual",2 gp,1 oz.,2,0.0625,,93,"Jewelry, silver, rare",100 gp,1 lb.,100,1,,93,"Arcane materials, exotic","3,000 gp",1 oz.,3000,0.0625,,93,"Wooden dishes, fine",5 sp,5 lb.,0.5,5,,93,"Lumber, Rare",,,93,"Redwood, sawn",9 gp,50 lbs.,9,50,,93,"Yew, raw",13 gp,50 lbs.,13,50,,,,,,,,,
94,Lumber,,94,Tacks,3 sp,1 lb.,0.3,1,,4,"Cask of tea leaves, common",6 sp,1 lb.,0.6,1,,14,"Thread, unusual, 400 yds.",2 gp,1 lb.,2,1,,94,"Stone, masoned, simple",1 sp,50 lbs.,0.1,50,,94,"Swamplander carvings, common",55 gp,1/2 lb.,55,0.5,,94,"Animal Product, Rare",,94,Squirrel pelt,1 cp,3 lb.,0.01,3,,94,Wolf pelt,4 sp,1 lb.,0.4,1,,94,Winter wolf pelt,15 sp,1 lb.,1.5,1,,94,Zinc ingots,5 sp,1 lb.,0.5,1,,94,"Bolt of wool cloth, fine (sq. yd.)",25 sp,1 lb.,2.5,1,,94,"Paints, unusual",2 gp,1 lb.,2,1,,94,"Beauty Aid, Rare",,94,"Perfumes, unusual",2 gp,1 oz.,2,0.0625,,94,"Jewelry, silver, rare",100 gp,1 lb.,100,1,,94,"Arcane materials, rare",100 gp,1 oz.,100,0.0625,,94,"Wooden dishes, fine",5 sp,5 lb.,0.5,5,,94,"Lumber, Rare",,,94,"Redwood, sawn",9 gp,50 lbs.,9,50,,94,"Yew, raw",13 gp,50 lbs.,13,50,,,,,,,,,
95,Lumber,,95,Tacks,3 sp,1 lb.,0.3,1,,5,"Cask of tea leaves, common",6 sp,1 lb.,0.6,1,,15,"Yarn, ball (500 ft)",1 gp,1/2 lb.,1,0.5,,95,"Stone, masoned, simple",1 sp,50 lbs.,0.1,50,,95,"Swamplander carvings, common",55 gp,1/2 lb.,55,0.5,,95,"Animal Product, Rare",,95,Squirrel pelt,1 cp,3 lb.,0.01,3,,95,Wolf pelt,4 sp,1 lb.,0.4,1,,95,Winter wolf pelt,15 sp,1 lb.,1.5,1,,95,Zinc ore,3 sp,1 lb.,0.3,1,,95,"Bolt of wool cloth, fine (sq. yd.)",25 sp,1 lb.,2.5,1,,95,"Paints, unusual",2 gp,1 lb.,2,1,,95,"Beauty Aid, Rare",,95,"Perfumes, unusual",2 gp,1 oz.,2,0.0625,,95,"Jewelry, silver, rare",100 gp,1 lb.,100,1,,95,"Arcane materials, rare",100 gp,1 oz.,100,0.0625,,95,"Wooden dishes, fine",5 sp,5 lb.,0.5,5,,95,"Lumber, Rare",,,95,"Spruce, raw",2 gp,50 lbs.,2,50,,95,"Yew, raw",13 gp,50 lbs.,13,50,,,,,,,,,
96,Lumber,,96,Thread,See Chart,See Chart,See Chart,See Chart,,6,"Cask of tea leaves, common",6 sp,1 lb.,0.6,1,,16,"Yarn, ball (500 ft)",1 gp,1/2 lb.,1,0.5,,96,"Stone, masoned, simple",1 sp,50 lbs.,0.1,50,,96,"Swamplander carvings, common",55 gp,1/2 lb.,55,0.5,,96,"Animal Product, Rare",,96,Squirrel pelt,1 cp,3 lb.,0.01,3,,96,Wolf pelt,4 sp,1 lb.,0.4,1,,96,Winter wolf pelt,15 sp,1 lb.,1.5,1,,96,Zinc ore,3 sp,1 lb.,0.3,1,,96,"Bolt of wool cloth, fine (sq. yd.)",25 sp,1 lb.,2.5,1,,96,"Paints, unusual",2 gp,1 lb.,2,1,,96,"Beauty Aid, Rare",,96,"Perfumes, unusual",2 gp,1 oz.,2,0.0625,,96,"Jewelry, silver, rare",100 gp,1 lb.,100,1,,96,"Arcane materials, rare",100 gp,1 oz.,100,0.0625,,96,"Wooden dishes, fine",5 sp,5 lb.,0.5,5,,96,"Lumber, Rare",,,96,"Spruce, raw",2 gp,50 lbs.,2,50,,96,"Yew, raw",13 gp,50 lbs.,13,50,,,,,,,,,
97,Lumber,,97,Thread,See Chart,See Chart,See Chart,See Chart,,7,"Cask of tea leaves, common",6 sp,1 lb.,0.6,1,,17,"Yarn, ball (500 ft)",1 gp,1/2 lb.,1,0.5,,97,"Stone, masoned, simple",1 sp,50 lbs.,0.1,50,,97,"Swamplander carvings, rare",140 gp,1/2 lb.,140,0.5,,97,"Animal Product, Rare",,97,Whale oil,5 cp,1 lb.,0.05,1,,97,Wolf pelt,4 sp,1 lb.,0.4,1,,97,Winter wolf pelt,15 sp,1 lb.,1.5,1,,97,Zinc ore,3 sp,1 lb.,0.3,1,,97,"Bolt of wool cloth, Haethfolk (sq. yd.)",5 gp,1 lb.,5,1,,97,"Paints, unusual",2 gp,1 lb.,2,1,,97,"Beauty Aid, Rare",,97,"Perfumes, unusual",2 gp,1 oz.,2,0.0625,,97,"Jewelry, silver, rare",100 gp,1 lb.,100,1,,97,"Arcane materials, rare",100 gp,1 oz.,100,0.0625,,97,"Wooden dishes, fine",5 sp,5 lb.,0.5,5,,97,"Lumber, Rare",,,97,"Spruce, raw",2 gp,50 lbs.,2,50,,97,"Yew, sawn",22 gp,50 lbs.,22,50,,,,,,,,,
98,Lumber,,98,Thread,See Chart,See Chart,See Chart,See Chart,,8,"Cask of tea leaves, common",6 sp,1 lb.,0.6,1,,18,"Yarn, ball (500 ft)",1 gp,1/2 lb.,1,0.5,,98,"Stone, masoned, simple",1 sp,50 lbs.,0.1,50,,98,"Swamplander carvings, unusual",90 gp,1/2 lb.,90,0.5,,98,"Animal Product, Rare",,98,Whale oil,5 cp,1 lb.,0.05,1,,98,Worg pelt,12 sp,1 lb.,1.2,1,,98,Winter wolf pelt,15 sp,1 lb.,1.5,1,,98,Zinc ore,3 sp,1 lb.,0.3,1,,98,"Bolt of wool cloth, Haethfolk (sq. yd.)",5 gp,1 lb.,5,1,,98,"Paints, unusual",2 gp,1 lb.,2,1,,98,"Beauty Aid, Rare",,98,"Perfumes, unusual",2 gp,1 oz.,2,0.0625,,98,"Jewelry, silver, rare",100 gp,1 lb.,100,1,,98,"Arcane materials, rare",100 gp,1 oz.,100,0.0625,,98,"Wooden dishes, fine",5 sp,5 lb.,0.5,5,,98,"Lumber, Rare",,,98,"Spruce, sawn",6 gp,50 lbs.,6,50,,98,"Yew, sawn",22 gp,50 lbs.,22,50,,,,,,,,,
99,Lumber,,99,Thread,See Chart,See Chart,See Chart,See Chart,,9,"Cask of tea leaves, quality",2 gp,1 lb.,2,1,,19,"Yarn, ball (500 ft)",1 gp,1/2 lb.,1,0.5,,99,"Stone, masoned, simple",1 sp,50 lbs.,0.1,50,,99,"Swamplander carvings, unusual",90 gp,1/2 lb.,90,0.5,,99,"Animal Product, Rare",,99,Whale oil,5 cp,1 lb.,0.05,1,,99,Worg pelt,12 sp,1 lb.,1.2,1,,99,Winter wolf pelt,15 sp,1 lb.,1.5,1,,99,Zinc ore,3 sp,1 lb.,0.3,1,,99,"Bolt of wool cloth, Haethfolk (sq. yd.)",5 gp,1 lb.,5,1,,99,"Paints, unusual",2 gp,1 lb.,2,1,,99,"Beauty Aid, Rare",,99,"Perfumes, unusual",2 gp,1 oz.,2,0.0625,,99,"Jewelry, silver, rare",100 gp,1 lb.,100,1,,99,"Arcane materials, unusual","1,000 gp",1 oz.,1000,0.0625,,99,"Wooden dishes, fine",5 sp,5 lb.,0.5,5,,99,"Lumber, Rare",,,99,"Spruce, sawn",6 gp,50 lbs.,6,50,,99,"Yew, sawn",22 gp,50 lbs.,22,50,,,,,,,,,
100,Lumber,,100,Thread,See Chart,See Chart,See Chart,See Chart,,10,"Cask of tea leaves, quality",2 gp,1 lb.,2,1,,20,"Yarn, ball (500 ft)",1 gp,1/2 lb.,1,0.5,,100,"Stone, masoned, simple",1 sp,50 lbs.,0.1,50,,100,"Swamplander carvings, unusual",90 gp,1/2 lb.,90,0.5,,100,"Animal Product, Rare",,100,Whale oil,5 cp,1 lb.,0.05,1,,100,Worg pelt,12 sp,1 lb.,1.2,1,,100,Winter wolf pelt,15 sp,1 lb.,1.5,1,,100,Zinc ore,3 sp,1 lb.,0.3,1,,100,"Bolt of wool cloth, Haethfolk (sq. yd.)",5 gp,1 lb.,5,1,,100,"Paints, unusual",2 gp,1 lb.,2,1,,100,"Beauty Aid, Rare",,100,"Perfumes, unusual",2 gp,1 oz.,2,0.0625,,100,"Jewelry, silver, rare",100 gp,1 lb.,100,1,,100,"Arcane materials, unusual","1,000 gp",1 oz.,1000,0.0625,,100,"Wooden dishes, fine",5 sp,5 lb.,0.5,5,,100,"Lumber, Rare",,,100,"Spruce, sawn",6 gp,50 lbs.,6,50,,100,"Yew, sawn",22 gp,50 lbs.,22,50,,,,,,,,,
